step,mcc
100,0.0
200,0.0
300,-0.007088279351592064
400,-0.004761013202369213
500,-0.023164112120866776
600,-0.014470948837697506
700,0.015492463484406471
800,0.026996992528438568
900,0.03675900027155876
1000,0.023589227348566055
1100,-0.0034994990564882755
1200,-0.003774059936404228
1300,-0.011756598949432373
1400,0.028945954516530037
1500,0.02111307717859745
1600,0.00502960616722703
1700,-0.013110099360346794
1800,0.052335526794195175
1900,0.011723038740456104
2000,-0.01026513334363699
2100,0.034267913550138474
2200,0.04890233650803566
2300,0.0502331480383873
2400,0.036091867834329605
2500,0.036352138966321945
2600,0.012054129503667355
2700,0.03184359893202782
2800,0.03728538006544113
2900,0.01642068289220333
3000,0.05294046550989151
3100,0.055398594588041306
3200,0.07913752645254135
3300,0.03708965703845024
3400,0.028722168877720833
3500,0.024736061692237854
3600,0.023244760930538177
3700,0.03946996107697487
3800,0.012272072955965996
3900,0.0514167882502079
4000,0.02793756313621998
4100,0.03099864535033703
4200,0.053381286561489105
4300,0.04530229791998863
4400,0.022519845515489578
4500,0.040278851985931396
4600,0.05191847309470177
4700,0.024551531299948692
4800,0.014357167296111584
4900,0.02054298296570778
5000,0.021540170535445213
5100,0.03505072742700577
5200,0.008522741496562958
5300,-0.0009828262263908982
5400,0.007841639220714569
5500,0.013110095635056496
5600,0.012273304164409637
5700,0.029504671692848206
5800,0.07385317981243134
5900,0.05101609602570534
6000,0.03936823830008507
6100,0.0356600284576416
6200,0.0623164102435112
6300,0.050514910370111465
6400,0.040876589715480804
6500,0.034139227122068405
6600,0.04890233650803566
6700,0.04854949191212654
6800,0.04271871596574783
6900,0.03548554331064224
7000,0.05224613845348358
7100,0.03505072742700577
7200,0.034246254712343216
7300,0.047855570912361145
7400,0.06325741112232208
7500,0.05139901861548424
7600,0.005930985324084759
7700,0.00887499563395977
7800,0.011043904349207878
7900,0.02200578898191452
8000,0.04650358483195305
8100,0.03445560485124588
8200,0.061492446810007095
8300,0.040804535150527954
8400,0.049491625279188156
8500,0.05040501430630684
8600,0.04744788259267807
8700,0.08548888564109802
8800,0.022067101672291756
8900,0.019525259733200073
9000,0.04989061877131462
9100,0.048013441264629364
9200,0.01974578946828842
9300,0.019950881600379944
9400,0.04094204306602478
9500,0.052286673337221146
9600,0.06282936036586761
9700,0.0817747488617897
9800,0.0395754873752594
9900,0.047538865357637405
10000,0.04721684753894806
10100,0.08099673688411713
10200,0.03708965703845024
10300,0.03485981374979019
10400,0.05924418941140175
10500,0.0603179931640625
10600,0.026114020496606827
10700,0.047395970672369
10800,0.08690731227397919
10900,0.06904417276382446
11000,0.024816468358039856
11100,0.06381885707378387
11200,0.10638368874788284
11300,0.06084829196333885
11400,0.06457795947790146
11500,0.07044477015733719
11600,0.04741307720541954
11700,0.05736354738473892
11800,0.02631630375981331
11900,0.02806299924850464
12000,0.04530229791998863
12100,0.06817116588354111
12200,0.05355488508939743
12300,0.03209689259529114
12400,0.07502247393131256
12500,0.03524347394704819
12600,0.022325526922941208
12700,0.027703551575541496
12800,0.04388270154595375
12900,0.05546396225690842
13000,0.03277508169412613
13100,0.06754070520401001
13200,0.07151611149311066
13300,0.04744834080338478
13400,0.071018747985363
13500,0.07488110661506653
13600,0.0733693465590477
13700,0.09788642823696136
13800,0.04258867725729942
13900,0.09042997658252716
14000,0.05348328500986099
14100,0.05917342007160187
14200,0.0672604888677597
14300,0.07184234261512756
14400,0.046611763536930084
14500,0.0473291389644146
14600,0.08550811558961868
14700,0.050146251916885376
14800,0.06868129223585129
14900,0.06856916099786758
15000,0.07000889629125595
15100,0.04284605383872986
15200,0.03248225152492523
15300,0.04081760346889496
15400,0.03460199758410454
15500,0.010473981499671936
15600,0.08019735664129257
15700,0.040273889899253845
15800,0.02385387010872364
15900,0.07170131802558899
16000,0.07019423693418503
16100,0.08437193185091019
16200,0.10269737988710403
16300,0.08053173124790192
16400,0.071605384349823
16500,0.05143563821911812
16600,0.10150892287492752
16700,0.06815054267644882
16800,0.05736992135643959
16900,0.10549049079418182
17000,0.08916815370321274
17100,0.09805209934711456
17200,0.06997384876012802
17300,0.10039947926998138
17400,0.10812965780496597
17500,0.09280737489461899
17600,0.10294552892446518
17700,0.10478569567203522
17800,0.08825048804283142
17900,0.0931161493062973
18000,0.09838537126779556
18100,0.04847424477338791
18200,0.06674467027187347
18300,0.07190454006195068
18400,0.07687488198280334
18500,0.07074824720621109
18600,0.03725042566657066
18700,0.10202308744192123
18800,0.08913478255271912
18900,0.08753156661987305
19000,0.10342519730329514
19100,0.115447036921978
19200,0.08457401394844055
19300,0.0407695397734642
19400,0.028572341427206993
19500,0.05755282938480377
19600,0.0918775349855423
19700,0.08382215350866318
19800,0.06969913840293884
19900,0.08073519170284271
20000,0.07903426140546799
20100,0.06812094151973724
20200,0.08587084710597992
20300,0.0720435231924057
20400,0.0716024711728096
20500,0.0872776135802269
20600,0.10564031451940536
20700,0.07965962588787079
20800,0.0833263099193573
20900,0.03741281107068062
21000,0.08269961178302765
21100,0.0716024711728096
21200,0.08805911242961884
21300,0.076981320977211
21400,0.06991172581911087
21500,0.09318237006664276
21600,0.0664660781621933
21700,0.08074718713760376
21800,0.08550811558961868
21900,0.06651780754327774
22000,0.09306307137012482
22100,0.08500859886407852
22200,0.08530962467193604
22300,0.08710021525621414
22400,0.05224613845348358
22500,0.091091588139534
22600,0.08811408281326294
22700,0.07000156491994858
22800,0.08459402620792389
22900,0.09479027986526489
23000,0.10079076886177063
23100,0.11732436716556549
23200,0.11720933765172958
23300,0.09489576518535614
23400,0.0630229115486145
23500,0.0754455178976059
23600,0.06813518702983856
23700,0.08337557315826416
23800,0.0795041099190712
23900,0.11289993673563004
24000,0.10376784205436707
24100,0.08971589803695679
24200,0.06713630259037018
24300,0.11385370790958405
24400,0.07258681207895279
24500,0.13543270528316498
24600,0.10100998729467392
24700,0.1048826351761818
24800,0.11138789355754852
24900,0.07710281014442444
25000,0.07178793102502823
25100,0.12041337043046951
25200,0.0889647826552391
25300,0.10177124291658401
25400,0.09765136241912842
25500,0.08662842214107513
25600,0.1328200250864029
25700,0.0866340920329094
25800,0.06457795947790146
25900,0.10995301604270935
26000,0.06457795947790146
26100,0.08513053506612778
26200,0.04439188539981842
26300,0.0896066352725029
26400,0.09156842529773712
26500,0.06486482173204422
26600,0.09152975678443909
26700,0.07427729666233063
26800,0.10685895383358002
26900,0.08748827874660492
27000,0.09962776303291321
27100,0.10124530643224716
27200,0.10838618129491806
27300,0.11613009870052338
27400,0.08671218156814575
27500,0.09669295698404312
27600,0.07841891795396805
27700,0.11948328465223312
27800,0.12738455832004547
27900,0.11315561085939407
28000,0.08499911427497864
28100,0.06464995443820953
28200,0.10261174291372299
28300,0.1050797700881958
28400,0.05224613845348358
28500,0.11891147494316101
28600,0.0852522924542427
28700,0.12496475130319595
28800,0.09938894212245941
28900,0.07455604523420334
29000,0.13433055579662323
29100,0.10407749563455582
29200,0.12937583029270172
29300,0.08868344128131866
29400,0.08249495178461075
29500,0.09156842529773712
29600,0.11634019017219543
29700,0.09156791120767593
29800,0.13938221335411072
29900,0.12673711776733398
30000,0.1149374470114708
30100,0.12205331772565842
30200,0.10276732593774796
30300,0.11653636395931244
30400,0.11888669431209564
30500,0.08083836734294891
30600,0.08067036420106888
30700,0.12278950959444046
30800,0.07333873957395554
30900,0.10636033862829208
31000,0.13692738115787506
31100,0.09526372700929642
31200,0.12126625329256058
31300,0.13354191184043884
31400,0.09176090359687805
31500,0.08544572442770004
31600,0.1139109656214714
31700,0.13036371767520905
31800,0.14806479215621948
31900,0.09033527970314026
32000,0.09969176352024078
32100,0.11181572079658508
32200,0.10342787206172943
32300,0.13114942610263824
32400,0.104751355946064
32500,0.10068051517009735
32600,0.1276758313179016
32700,0.09013617783784866
32800,0.09217016398906708
32900,0.13914869725704193
33000,0.08837395906448364
33100,0.12013372778892517
33200,0.11497285962104797
33300,0.07787007838487625
33400,0.08278282731771469
33500,0.13760162889957428
33600,0.13265731930732727
33700,0.13872390985488892
33800,0.10238330811262131
33900,0.11231070756912231
34000,0.12490292638540268
34100,0.08852460235357285
34200,0.11205697804689407
34300,0.10724058002233505
34400,0.10354504734277725
34500,0.1460363268852234
34600,0.11451075226068497
34700,0.11547717452049255
34800,0.11594367027282715
34900,0.11452009528875351
35000,0.1146373301744461
35100,0.10132282972335815
35200,0.08347413688898087
35300,0.0533788688480854
35400,0.12183137983083725
35500,0.15536431968212128
35600,0.14775940775871277
35700,0.1431693434715271
35800,0.08374585956335068
35900,0.10804498195648193
36000,0.13865020871162415
36100,0.09451155364513397
36200,0.16631653904914856
36300,0.13583436608314514
36400,0.12738455832004547
36500,0.0818839967250824
36600,0.12126625329256058
36700,0.12250213325023651
36800,0.12232784181833267
36900,0.08374585956335068
37000,0.11917973309755325
37100,0.1318552941083908
37200,0.12292888760566711
37300,0.11478284001350403
37400,0.10885779559612274
37500,0.10880938917398453
37600,0.128583163022995
37700,0.14285174012184143
37800,0.11896681040525436
37900,0.11432172358036041
38000,0.16606758534908295
38100,0.1250815987586975
38200,0.16504566371440887
38300,0.08382215350866318
38400,0.12122627347707748
38500,0.12690597772598267
38600,0.12860700488090515
38700,0.14558929204940796
38800,0.09658055752515793
38900,0.1382080465555191
39000,0.11528328061103821
39100,0.1255662441253662
39200,0.11809846013784409
39300,0.13950398564338684
39400,0.13683663308620453
39500,0.12291546165943146
39600,0.14545828104019165
39700,0.091091588139534
39800,0.1372266411781311
39900,0.10701684653759003
40000,0.1311694234609604
40100,0.14530527591705322
40200,0.14265485107898712
40300,0.09002374112606049
40400,0.09442996233701706
40500,0.11093658208847046
40600,0.15603038668632507
40700,0.12164489924907684
40800,0.12237836420536041
40900,0.10236675292253494
41000,0.128005713224411
41100,0.15819253027439117
41200,0.13659358024597168
41300,0.1294516921043396
41400,0.12446164339780807
41500,0.1149672120809555
41600,0.1099836602807045
41700,0.0975731834769249
41800,0.14869341254234314
41900,0.12359852343797684
42000,0.14975859224796295
42100,0.17610479891300201
42200,0.10516710579395294
42300,0.14942733943462372
42400,0.15526878833770752
42500,0.17151853442192078
42600,0.15517188608646393
42700,0.15525199472904205
42800,0.15514837205410004
42900,0.13242562115192413
43000,0.1386738419532776
43100,0.14630550146102905
43200,0.1347782164812088
43300,0.10638368874788284
43400,0.17053614556789398
43500,0.138173907995224
43600,0.14021329581737518
43700,0.12013372778892517
43800,0.1431693434715271
43900,0.12642447650432587
44000,0.11166411638259888
44100,0.1398259401321411
44200,0.13766685128211975
44300,0.1439303308725357
44400,0.17130982875823975
44500,0.14137370884418488
44600,0.13691969215869904
44700,0.11316508799791336
44800,0.16143500804901123
44900,0.17683711647987366
45000,0.1423715353012085
45100,0.15565313398838043
45200,0.12983916699886322
45300,0.1328200250864029
45400,0.14359605312347412
45500,0.161623015999794
45600,0.13200843334197998
45700,0.16370396316051483
45800,0.15462905168533325
45900,0.15531353652477264
46000,0.13776087760925293
46100,0.15187227725982666
46200,0.11896681040525436
46300,0.1525629609823227
46400,0.1655706912279129
46500,0.14221177995204926
46600,0.15095117688179016
46700,0.14805257320404053
46800,0.1382080465555191
46900,0.13863244652748108
47000,0.14942733943462372
47100,0.14073427021503448
47200,0.1489272117614746
47300,0.1682867854833603
47400,0.16090501844882965
47500,0.14019058644771576
47600,0.1753143072128296
47700,0.11473049968481064
47800,0.183236226439476
47900,0.16198524832725525
48000,0.13038311898708344
48100,0.1281377673149109
48200,0.15445949137210846
48300,0.12873803079128265
48400,0.12873803079128265
48500,0.15414230525493622
48600,0.10804498195648193
48700,0.11807475984096527
48800,0.15033778548240662
48900,0.16533446311950684
49000,0.1294516921043396
49100,0.14991822838783264
49200,0.10581095516681671
49300,0.17391330003738403
49400,0.1642274111509323
49500,0.13359758257865906
49600,0.1588422954082489
49700,0.145149365067482
49800,0.1733739823102951
49900,0.1692522168159485
50000,0.12453492730855942
50100,0.14060825109481812
50200,0.13521119952201843
50300,0.1423715353012085
50400,0.10917000472545624
50500,0.15635842084884644
50600,0.159902885556221
50700,0.14806976914405823
50800,0.15239429473876953
50900,0.1435556858778
51000,0.16174034774303436
51100,0.13214020431041718
51200,0.14618855714797974
51300,0.11516936868429184
51400,0.1329701840877533
51500,0.12169536203145981
51600,0.13865020871162415
51700,0.14578381180763245
51800,0.14619822800159454
51900,0.13265731930732727
52000,0.15526477992534637
52100,0.14285174012184143
52200,0.14847122132778168
52300,0.17795434594154358
52400,0.1479380577802658
52500,0.13691969215869904
52600,0.14659683406352997
52700,0.13056470453739166
52800,0.15832071006298065
52900,0.1712532937526703
53000,0.11803517490625381
53100,0.1641712784767151
53200,0.13209077715873718
53300,0.17562983930110931
53400,0.1575527936220169
53500,0.1468314677476883
53600,0.13966430723667145
53700,0.17593921720981598
53800,0.14991822838783264
53900,0.12354389578104019
54000,0.14746341109275818
54100,0.13126258552074432
54200,0.18058611452579498
54300,0.12870639562606812
54400,0.16718696057796478
54500,0.1212022677063942
54600,0.14117878675460815
54700,0.13833501935005188
54800,0.1428508758544922
54900,0.1587173491716385
55000,0.12449242919683456
55100,0.18221211433410645
55200,0.12017076462507248
55300,0.14074218273162842
55400,0.14951740205287933
55500,0.15394559502601624
55600,0.15187227725982666
55700,0.15677745640277863
55800,0.11040468513965607
55900,0.13989748060703278
56000,0.12783028185367584
56100,0.145149365067482
56200,0.09857726842164993
56300,0.12073897570371628
56400,0.12743200361728668
56500,0.14701856672763824
56600,0.15052777528762817
56700,0.14400026202201843
56800,0.1486949920654297
56900,0.1658540666103363
57000,0.15325334668159485
57100,0.14723984897136688
57200,0.16368739306926727
57300,0.1468544453382492
57400,0.1572120487689972
57500,0.14019058644771576
57600,0.15757161378860474
57700,0.15283000469207764
57800,0.1517699956893921
57900,0.16235533356666565
58000,0.16798768937587738
58100,0.1708398014307022
58200,0.15978211164474487
58300,0.1608397215604782
58400,0.11809846013784409
58500,0.16336064040660858
58600,0.1589736044406891
58700,0.14724193513393402
58800,0.1401609182357788
58900,0.15985575318336487
59000,0.15374331176280975
59100,0.14010637998580933
59200,0.15669076144695282
59300,0.16550806164741516
59400,0.16919384896755219
59500,0.11613009870052338
59600,0.16003207862377167
59700,0.16352109611034393
59800,0.12983916699886322
59900,0.13115322589874268
60000,0.10603855550289154
60100,0.15836253762245178
60200,0.14030738174915314
60300,0.182421013712883
60400,0.1706002652645111
60500,0.15422704815864563
60600,0.11729653179645538
60700,0.1711331456899643
60800,0.18912366032600403
60900,0.11791562288999557
61000,0.16179923713207245
61100,0.17101188004016876
61200,0.17113623023033142
61300,0.16460025310516357
61400,0.17858973145484924
61500,0.14805257320404053
61600,0.1491098403930664
61700,0.15743906795978546
61800,0.15198488533496857
61900,0.19626188278198242
62000,0.16644148528575897
62100,0.16787102818489075
62200,0.16838443279266357
62300,0.1251591145992279
62400,0.17413941025733948
62500,0.14869341254234314
62600,0.14458446204662323
62700,0.13171127438545227
62800,0.18262474238872528
62900,0.15200714766979218
63000,0.1433781534433365
63100,0.14571954309940338
63200,0.18670019507408142
63300,0.17835493385791779
63400,0.14530527591705322
63500,0.15036624670028687
63600,0.1424603909254074
63700,0.13267551362514496
63800,0.15353725850582123
63900,0.20571695268154144
64000,0.16438373923301697
64100,0.1788932830095291
64200,0.16671691834926605
64300,0.1664724200963974
64400,0.16795319318771362
64500,0.1572120487689972
64600,0.13267649710178375
64700,0.16798768937587738
64800,0.17054800689220428
64900,0.12205186486244202
65000,0.18489423394203186
65100,0.1883511245250702
65200,0.18013644218444824
65300,0.13841639459133148
65400,0.16230666637420654
65500,0.16230666637420654
65600,0.15135975182056427
65700,0.1572120487689972
65800,0.15924936532974243
65900,0.15095935761928558
66000,0.14167213439941406
66100,0.15394559502601624
66200,0.14847122132778168
66300,0.145149365067482
66400,0.1811586618423462
66500,0.1486949920654297
66600,0.16790089011192322
66700,0.2033075988292694
66800,0.16302107274532318
66900,0.205587238073349
67000,0.1898406594991684
67100,0.15732519328594208
67200,0.1917303502559662
67300,0.183844655752182
67400,0.15239553153514862
67500,0.18599461019039154
67600,0.18386107683181763
67700,0.2079160511493683
67800,0.16798768937587738
67900,0.17430479824543
68000,0.19293555617332458
68100,0.17551930248737335
68200,0.15327784419059753
68300,0.18167603015899658
68400,0.13370250165462494
68500,0.199889674782753
68600,0.15918156504631042
68700,0.13775917887687683
68800,0.15336444973945618
68900,0.159902885556221
69000,0.16352109611034393
69100,0.1445438116788864
69200,0.1753143072128296
69300,0.15635842084884644
69400,0.1772807389497757
69500,0.15700623393058777
69600,0.1642274111509323
69700,0.16578273475170135
69800,0.1644042283296585
69900,0.17953082919120789
70000,0.15264393389225006
70100,0.1753143072128296
70200,0.14515651762485504
70300,0.16787102818489075
70400,0.17867715656757355
70500,0.15342186391353607
70600,0.17575132846832275
70700,0.17105095088481903
70800,0.1382080465555191
70900,0.1398511528968811
71000,0.14612479507923126
71100,0.1486949920654297
71200,0.13447152078151703
71300,0.1925782412290573
71400,0.14618855714797974
71500,0.1641129106283188
71600,0.19004224240779877
71700,0.13593600690364838
71800,0.1647706776857376
71900,0.1493891030550003
72000,0.15526477992534637
72100,0.13950398564338684
72200,0.15783639252185822
72300,0.15835466980934143
72400,0.1504286229610443
72500,0.16319961845874786
72600,0.212148517370224
72700,0.1801777184009552
72800,0.17704874277114868
72900,0.1859574168920517
73000,0.1622457653284073
73100,0.1442660540342331
73200,0.1742626577615738
73300,0.1445431262254715
73400,0.15551155805587769
73500,0.15382638573646545
73600,0.15371502935886383
73700,0.1432592123746872
73800,0.14572878181934357
73900,0.10562984645366669
74000,0.16276809573173523
74100,0.15551155805587769
74200,0.17953082919120789
74300,0.1386738419532776
74400,0.17846116423606873
74500,0.1372755914926529
74600,0.13733164966106415
74700,0.17898645997047424
74800,0.15755648910999298
74900,0.12753266096115112
75000,0.18540677428245544
75100,0.15445949137210846
75200,0.15186762809753418
75300,0.14513662457466125
75400,0.18211139738559723
75500,0.17101188004016876
75600,0.1611606627702713
75700,0.14578381180763245
75800,0.16790089011192322
75900,0.15525199472904205
76000,0.18256264925003052
76100,0.1792803704738617
76200,0.12358539551496506
76300,0.14104604721069336
76400,0.15667250752449036
76500,0.14723984897136688
76600,0.14265485107898712
76700,0.13442449271678925
76800,0.13802333176136017
76900,0.14556008577346802
77000,0.22455772757530212
77100,0.1460057646036148
77200,0.1495146006345749
77300,0.17492857575416565
77400,0.16476485133171082
77500,0.17430479824543
77600,0.16319960355758667
77700,0.19100365042686462
77800,0.1652182638645172
77900,0.193887859582901
78000,0.16527271270751953
78100,0.15994997322559357
78200,0.128583163022995
78300,0.17029117047786713
78400,0.18335425853729248
78500,0.15853478014469147
78600,0.22188995778560638
78700,0.19561980664730072
78800,0.15978211164474487
78900,0.17846116423606873
79000,0.1278572678565979
79100,0.18256264925003052
79200,0.14506259560585022
79300,0.18074850738048553
79400,0.17101188004016876
79500,0.16921697556972504
79600,0.14430607855319977
79700,0.1792803704738617
79800,0.15227745473384857
79900,0.12873803079128265
80000,0.17277126014232635
80100,0.15843282639980316
80200,0.1753143072128296
80300,0.14920417964458466
80400,0.2064279317855835
80500,0.1594243049621582
80600,0.17699389159679413
80700,0.13841161131858826
80800,0.1819208264350891
80900,0.19071854650974274
81000,0.15264393389225006
81100,0.1905241161584854
81200,0.164595827460289
81300,0.16271376609802246
81400,0.16035890579223633
81500,0.15976010262966156
81600,0.16314946115016937
81700,0.15283000469207764
81800,0.15613491833209991
81900,0.150543212890625
82000,0.13733164966106415
82100,0.15849089622497559
82200,0.17199882864952087
82300,0.15410742163658142
82400,0.20042484998703003
82500,0.17995356023311615
82600,0.15200714766979218
82700,0.15801481902599335
82800,0.145149365067482
82900,0.15811242163181305
83000,0.1783677339553833
83100,0.16373255848884583
83200,0.1753143072128296
83300,0.1604999452829361
83400,0.1431160420179367
83500,0.1794259399175644
83600,0.1766262948513031
83700,0.1956797093153
83800,0.13894280791282654
83900,0.13776367902755737
84000,0.1354215294122696
84100,0.10539238899946213
84200,0.13691969215869904
84300,0.14506259560585022
84400,0.14847122132778168
84500,0.13533057272434235
84600,0.15336444973945618
84700,0.17136643826961517
84800,0.14073871076107025
84900,0.155856192111969
85000,0.16976219415664673
85100,0.1655706912279129
85200,0.1565595120191574
85300,0.15994997322559357
85400,0.18101966381072998
85500,0.12463447451591492
85600,0.16175758838653564
85700,0.13692738115787506
85800,0.17200356721878052
85900,0.16041232645511627
86000,0.11729653179645538
86100,0.17981140315532684
86200,0.13989748060703278
86300,0.15635842084884644
86400,0.1787540465593338
86500,0.13691969215869904
86600,0.1674843728542328
86700,0.1655706912279129
86800,0.14336824417114258
86900,0.11339079588651657
87000,0.13763867318630219
87100,0.13075612485408783
87200,0.14400026202201843
87300,0.15181170403957367
87400,0.15095117688179016
87500,0.16368739306926727
87600,0.13894280791282654
87700,0.16276809573173523
87800,0.14572878181934357
87900,0.1692522168159485
88000,0.15186762809753418
88100,0.193349227309227
88200,0.14285174012184143
88300,0.16410432755947113
88400,0.17113623023033142
88500,0.14920417964458466
88600,0.16210468113422394
88700,0.17492857575416565
88800,0.13314811885356903
88900,0.17450128495693207
89000,0.15853478014469147
89100,0.17925646901130676
89200,0.16370396316051483
89300,0.15711532533168793
89400,0.1787540465593338
89500,0.18863552808761597
89600,0.17801515758037567
89700,0.1580880731344223
89800,0.16867226362228394
89900,0.14227774739265442
90000,0.15659567713737488
90100,0.16504566371440887
90200,0.14556008577346802
90300,0.19498229026794434
90400,0.16682544350624084
90500,0.15120354294776917
90600,0.170042484998703
90700,0.1531960368156433
90800,0.17758052051067352
90900,0.1549391746520996
91000,0.18335303664207458
91100,0.1728922724723816
91200,0.1387021690607071
91300,0.1544722318649292
91400,0.17971307039260864
91500,0.1861860454082489
91600,0.18785381317138672
91700,0.1611606627702713
91800,0.149816632270813
91900,0.18323586881160736
92000,0.16375823318958282
92100,0.19236376881599426
92200,0.18114380538463593
92300,0.20352351665496826
92400,0.17200356721878052
92500,0.13627369701862335
92600,0.13239559531211853
92700,0.16832485795021057
92800,0.2027076780796051
92900,0.17199882864952087
93000,0.19302058219909668
93100,0.17861881852149963
93200,0.16276809573173523
93300,0.1639476865530014
93400,0.16876061260700226
93500,0.17981140315532684
93600,0.1714087724685669
93700,0.15669076144695282
93800,0.1718927025794983
93900,0.19312646985054016
94000,0.1996440291404724
94100,0.19370046257972717
94200,0.17978143692016602
94300,0.18784455955028534
94400,0.1772807389497757
94500,0.19466128945350647
94600,0.18846815824508667
94700,0.20153139531612396
94800,0.16795319318771362
94900,0.18967854976654053
95000,0.20077767968177795
95100,0.18167603015899658
95200,0.1833428591489792
95300,0.1641712784767151
95400,0.1711331456899643
95500,0.21550598740577698
95600,0.16921697556972504
95700,0.15526477992534637
95800,0.18785381317138672
95900,0.15952986478805542
96000,0.13521119952201843
96100,0.18469581007957458
96200,0.1504012495279312
96300,0.13882258534431458
96400,0.14545242488384247
96500,0.17610479891300201
96600,0.17746827006340027
96700,0.18068289756774902
96800,0.1760624349117279
96900,0.18333305418491364
97000,0.15014249086380005
97100,0.1523992121219635
97200,0.1479780673980713
97300,0.15853478014469147
97400,0.15414230525493622
97500,0.14850126206874847
97600,0.16336064040660858
97700,0.16179503500461578
97800,0.15445949137210846
97900,0.1747410148382187
98000,0.147187277674675
98100,0.15873663127422333
98200,0.1733739823102951
98300,0.15811242163181305
98400,0.16599708795547485
98500,0.15836253762245178
98600,0.15667250752449036
98700,0.13627369701862335
98800,0.16235265135765076
98900,0.15565313398838043
99000,0.16689930856227875
99100,0.16235265135765076
99200,0.14319603145122528
99300,0.17101188004016876
99400,0.16976219415664673
99500,0.18323586881160736
99600,0.14136923849582672
99700,0.19402864575386047
99800,0.15985575318336487
99900,0.17800356447696686
100000,0.1462949961423874
100100,0.1432592123746872
100200,0.14951740205287933
100300,0.16722732782363892
100400,0.15707436203956604
100500,0.19695298373699188
100600,0.1820126622915268
100700,0.16615688800811768
100800,0.1469230204820633
100900,0.15426307916641235
101000,0.16934463381767273
101100,0.16838443279266357
101200,0.15821805596351624
101300,0.18863552808761597
101400,0.16976219415664673
101500,0.13417795300483704
101600,0.17527109384536743
101700,0.1587173491716385
101800,0.18167603015899658
101900,0.16283340752124786
102000,0.193861722946167
102100,0.1760624349117279
102200,0.16283340752124786
102300,0.18746985495090485
102400,0.17689815163612366
102500,0.18221211433410645
102600,0.16179503500461578
102700,0.20373518764972687
102800,0.18524052202701569
102900,0.17029117047786713
103000,0.19541127979755402
103100,0.1682867854833603
103200,0.18737377226352692
103300,0.16460025310516357
103400,0.17628447711467743
103500,0.12754912674427032
103600,0.16739024221897125
103700,0.17324531078338623
103800,0.14975859224796295
103900,0.18718822300434113
104000,0.15158650279045105
104100,0.16460025310516357
104200,0.17740990221500397
104300,0.15557622909545898
104400,0.1678301841020584
104500,0.1661655157804489
104600,0.1883511245250702
104700,0.14746341109275818
104800,0.15437209606170654
104900,0.17683711647987366
105000,0.16809521615505219
105100,0.14032839238643646
105200,0.16729798913002014
105300,0.1735692322254181
105400,0.13539329171180725
105500,0.18106840550899506
105600,0.15227745473384857
105700,0.15912558138370514
105800,0.17792348563671112
105900,0.19752492010593414
106000,0.1378462016582489
106100,0.1558893769979477
106200,0.12988565862178802
106300,0.1605411320924759
106400,0.1747410148382187
106500,0.17016597092151642
106600,0.1655706912279129
106700,0.19061480462551117
106800,0.18976923823356628
106900,0.16235265135765076
107000,0.18967854976654053
107100,0.17746543884277344
107200,0.16689930856227875
107300,0.18388062715530396
107400,0.1965007185935974
107500,0.14891685545444489
107600,0.16401854157447815
107700,0.18469581007957458
107800,0.17240139842033386
107900,0.18850013613700867
108000,0.17971307039260864
108100,0.19137312471866608
108200,0.1594243049621582
108300,0.147187277674675
108400,0.15853478014469147
108500,0.18124158680438995
108600,0.1803327351808548
108700,0.1975393146276474
108800,0.14013075828552246
108900,0.18670019507408142
109000,0.1852613240480423
109100,0.17034737765789032
109200,0.19092118740081787
109300,0.1641129106283188
109400,0.17527109384536743
109500,0.17704874277114868
109600,0.19519533216953278
109700,0.15479937195777893
109800,0.16509702801704407
109900,0.18114380538463593
110000,0.17746827006340027
110100,0.17251551151275635
110200,0.17311957478523254
110300,0.16729798913002014
110400,0.1811586618423462
110500,0.18393884599208832
110600,0.17883290350437164
110700,0.14869341254234314
110800,0.17628447711467743
110900,0.17551930248737335
111000,0.1708398014307022
111100,0.13057787716388702
111200,0.15770600736141205
111300,0.15298140048980713
111400,0.16787102818489075
111500,0.1605411320924759
111600,0.15757161378860474
111700,0.1682867854833603
111800,0.1641129106283188
111900,0.18058611452579498
112000,0.1765870600938797
112100,0.18568897247314453
112200,0.18568897247314453
112300,0.18603603541851044
112400,0.17471151053905487
112500,0.21843786537647247
112600,0.19727928936481476
112700,0.16599708795547485
112800,0.18019481003284454
112900,0.21709032356739044
113000,0.17610479891300201
113100,0.2116028219461441
113200,0.15485428273677826
113300,0.19541127979755402
113400,0.20610174536705017
113500,0.183844655752182
113600,0.16509702801704407
113700,0.18388062715530396
113800,0.15949887037277222
113900,0.15014313161373138
114000,0.19496595859527588
114100,0.161623015999794
114200,0.18230663239955902
114300,0.19042769074440002
114400,0.16225607693195343
114500,0.18114380538463593
114600,0.20816923677921295
114700,0.19236376881599426
114800,0.1834718883037567
114900,0.18980945646762848
115000,0.17780163884162903
115100,0.19623789191246033
115200,0.17883290350437164
115300,0.16643978655338287
115400,0.17610077559947968
115500,0.1669664829969406
115600,0.17173722386360168
115700,0.1398998498916626
115800,0.13876394927501678
115900,0.15270447731018066
116000,0.16506780683994293
116100,0.15628229081630707
116200,0.1398998498916626
116300,0.15323513746261597
116400,0.1339169293642044
116500,0.14262495934963226
116600,0.18988199532032013
116700,0.17930835485458374
116800,0.1854284256696701
116900,0.207681342959404
117000,0.20769102871418
117100,0.15801481902599335
117200,0.15497390925884247
117300,0.15445949137210846
117400,0.18511852622032166
117500,0.19314059615135193
117600,0.20206241309642792
117700,0.18872269988059998
117800,0.21029609441757202
117900,0.17198018729686737
118000,0.193887859582901
118100,0.14473676681518555
118200,0.18006174266338348
118300,0.19151033461093903
118400,0.1883511245250702
118500,0.19414545595645905
118600,0.17590360343456268
118700,0.1811586618423462
118800,0.17653916776180267
118900,0.17710784077644348
119000,0.15765723586082458
119100,0.18926821649074554
119200,0.1706368327140808
119300,0.16230641305446625
119400,0.1747410148382187
119500,0.18651993572711945
119600,0.18980945646762848
119700,0.18469581007957458
119800,0.19151033461093903
119900,0.2059268206357956
120000,0.19232653081417084
120100,0.17622210085391998
120200,0.17790350317955017
120300,0.17610479891300201
120400,0.183844655752182
120500,0.18124158680438995
120600,0.19006456434726715
120700,0.20071549713611603
120800,0.1806236356496811
120900,0.18737871944904327
121000,0.18112890422344208
121100,0.18479204177856445
121200,0.1944454312324524
121300,0.23003065586090088
121400,0.173629492521286
121500,0.17683711647987366
121600,0.2133997529745102
121700,0.17746827006340027
121800,0.1678301841020584
121900,0.18426497280597687
122000,0.17664451897144318
122100,0.17899943888187408
122200,0.1752370446920395
122300,0.19316625595092773
122400,0.208927720785141
122500,0.20492784678936005
122600,0.17200356721878052
122700,0.18019481003284454
122800,0.21203264594078064
122900,0.17953082919120789
123000,0.18065939843654633
123100,0.17389479279518127
123200,0.16476485133171082
123300,0.18914680182933807
123400,0.20389708876609802
123500,0.16319961845874786
123600,0.1901894509792328
123700,0.1747303307056427
123800,0.19368308782577515
123900,0.21542611718177795
124000,0.18621250987052917
124100,0.18658098578453064
124200,0.19674481451511383
124300,0.18388062715530396
124400,0.2064279317855835
124500,0.1834718883037567
124600,0.1917303502559662
124700,0.16599708795547485
124800,0.15422704815864563
124900,0.16867226362228394
125000,0.15942944586277008
125100,0.15873663127422333
125200,0.1622457653284073
125300,0.21208982169628143
125400,0.17211785912513733
125500,0.21021293103694916
125600,0.1847139447927475
125700,0.14724193513393402
125800,0.19140438735485077
125900,0.14909669756889343
126000,0.16739024221897125
126100,0.1931556761264801
126200,0.19111625850200653
126300,0.18561682105064392
126400,0.19140438735485077
126500,0.17389479279518127
126600,0.18737871944904327
126700,0.18603603541851044
126800,0.20238743722438812
126900,0.18718822300434113
127000,0.18603603541851044
127100,0.20509009063243866
127200,0.19931702315807343
127300,0.1980828493833542
127400,0.1678301841020584
127500,0.19519533216953278
127600,0.18807852268218994
127700,0.19006456434726715
127800,0.19847452640533447
127900,0.17173722386360168
128000,0.18939973413944244
128100,0.20135954022407532
128200,0.20448720455169678
128300,0.17710784077644348
128400,0.17930880188941956
128500,0.215047687292099
128600,0.19100230932235718
128700,0.18323586881160736
128800,0.18737871944904327
128900,0.1983473300933838
129000,0.1689566671848297
129100,0.1985853910446167
129200,0.1605411320924759
129300,0.17610479891300201
129400,0.15442055463790894
129500,0.17413006722927094
129600,0.18754063546657562
129700,0.13882258534431458
129800,0.19126637279987335
129900,0.20352351665496826
130000,0.1781855821609497
130100,0.1735692322254181
130200,0.1666269600391388
130300,0.16156800091266632
130400,0.21409916877746582
130500,0.205587238073349
130600,0.18409937620162964
130700,0.22194208204746246
130800,0.20238743722438812
130900,0.19430845975875854
131000,0.18511852622032166
131100,0.19727928936481476
131200,0.20665016770362854
131300,0.20717400312423706
131400,0.17113623023033142
131500,0.1920350044965744
131600,0.1901894509792328
131700,0.20520706474781036
131800,0.19780412316322327
131900,0.19432520866394043
132000,0.18167603015899658
132100,0.1882496476173401
132200,0.20995840430259705
132300,0.15811242163181305
132400,0.20738863945007324
132500,0.18287865817546844
132600,0.14975859224796295
132700,0.16438446938991547
132800,0.18691052496433258
132900,0.1508355289697647
133000,0.1806236356496811
133100,0.18422512710094452
133200,0.17459410429000854
133300,0.16877983510494232
133400,0.1661655157804489
133500,0.18817999958992004
133600,0.1747303307056427
133700,0.18426497280597687
133800,0.16084200143814087
133900,0.1735692322254181
134000,0.18658098578453064
134100,0.16300344467163086
134200,0.18780632317066193
134300,0.1865077167749405
134400,0.1801777184009552
134500,0.1547297090291977
134600,0.17211785912513733
134700,0.1718927025794983
134800,0.15873663127422333
134900,0.2233378142118454
135000,0.16889125108718872
135100,0.16689930856227875
135200,0.16599708795547485
135300,0.1888832449913025
135400,0.17054800689220428
135500,0.17689815163612366
135600,0.17380143702030182
135700,0.185183584690094
135800,0.19628266990184784
135900,0.17938312888145447
136000,0.17211785912513733
136100,0.17790350317955017
136200,0.2111278921365738
136300,0.22143328189849854
136400,0.17930835485458374
136500,0.19112974405288696
136600,0.16682544350624084
136700,0.1618393361568451
136800,0.2058914452791214
136900,0.21409916877746582
137000,0.18872269988059998
137100,0.20775443315505981
137200,0.2004052847623825
137300,0.19752492010593414
137400,0.19807562232017517
137500,0.16440215706825256
137600,0.20069855451583862
137700,0.19131258130073547
137800,0.2149818390607834
137900,0.16235265135765076
138000,0.17302830517292023
138100,0.15942944586277008
138200,0.1812850683927536
138300,0.1486416757106781
138400,0.16097405552864075
138500,0.17004233598709106
138600,0.17105095088481903
138700,0.19561980664730072
138800,0.19949112832546234
138900,0.1639476865530014
139000,0.16179503500461578
139100,0.17016597092151642
139200,0.15526477992534637
139300,0.1925782412290573
139400,0.17551930248737335
139500,0.17380143702030182
139600,0.22820155322551727
139700,0.20093891024589539
139800,0.20073260366916656
139900,0.2058914452791214
140000,0.21185657382011414
140100,0.21653564274311066
140200,0.18393884599208832
140300,0.19704870879650116
140400,0.20328925549983978
140500,0.20202574133872986
140600,0.15801481902599335
140700,0.1843540519475937
140800,0.19494876265525818
140900,0.15952986478805542
141000,0.19232653081417084
141100,0.1504286229610443
141200,0.17029117047786713
141300,0.15485428273677826
141400,0.15268082916736603
141500,0.16230666637420654
141600,0.183844655752182
141700,0.1747410148382187
141800,0.17250663042068481
141900,0.17898645997047424
142000,0.1445438116788864
142100,0.1712532937526703
142200,0.19581858813762665
142300,0.2138039618730545
142400,0.15976010262966156
142500,0.178416445851326
142600,0.1905241161584854
142700,0.17173722386360168
142800,0.19597128033638
142900,0.19046711921691895
143000,0.16516010463237762
143100,0.16136103868484497
143200,0.19414545595645905
143300,0.18967854976654053
143400,0.15279598534107208
143500,0.15479937195777893
143600,0.1811586618423462
143700,0.1715487837791443
143800,0.16119788587093353
143900,0.16276809573173523
144000,0.17846116423606873
144100,0.19574810564517975
144200,0.16578273475170135
144300,0.18967854976654053
144400,0.17255592346191406
144500,0.21747051179409027
144600,0.19137312471866608
144700,0.14850126206874847
144800,0.17551930248737335
144900,0.18114380538463593
145000,0.16460025310516357
145100,0.18087297677993774
145200,0.17380143702030182
145300,0.15298140048980713
145400,0.18927857279777527
145500,0.1975393146276474
145600,0.16338017582893372
145700,0.20009292662143707
145800,0.1772587150335312
145900,0.1751718521118164
146000,0.179343119263649
146100,0.18939973413944244
146200,0.18912366032600403
146300,0.20772413909435272
146400,0.15755648910999298
146500,0.1589840203523636
146600,0.17725640535354614
146700,0.17622210085391998
146800,0.18918529152870178
146900,0.19137312471866608
147000,0.2048133909702301
147100,0.17062969505786896
147200,0.16314946115016937
147300,0.17653916776180267
147400,0.2019910216331482
147500,0.17655350267887115
147600,0.1717349737882614
147700,0.1751718521118164
147800,0.17981140315532684
147900,0.18658098578453064
148000,0.18287865817546844
148100,0.22943167388439178
148200,0.19184142351150513
148300,0.22460106015205383
148400,0.18967854976654053
148500,0.1965007185935974
148600,0.2116028219461441
148700,0.20769102871418
148800,0.17978143692016602
148900,0.16097405552864075
149000,0.16578741371631622
149100,0.17378811538219452
149200,0.18791963160037994
149300,0.18101966381072998
149400,0.16718696057796478
149500,0.1722063571214676
149600,0.183844655752182
149700,0.2045368254184723
149800,0.21232225000858307
149900,0.1848817765712738
150000,0.1811586618423462
150100,0.1834718883037567
150200,0.16689930856227875
150300,0.17659728229045868
150400,0.17067089676856995
150500,0.16230666637420654
150600,0.17610479891300201
150700,0.18850013613700867
150800,0.175924152135849
150900,0.14458446204662323
151000,0.20167335867881775
151100,0.19502077996730804
151200,0.16036096215248108
151300,0.1362646371126175
151400,0.17439152300357819
151500,0.18301643431186676
151600,0.19588693976402283
151700,0.16795319318771362
151800,0.22158949077129364
151900,0.19402864575386047
152000,0.19100365042686462
152100,0.1902414858341217
152200,0.22142675518989563
152300,0.16040828824043274
152400,0.17389479279518127
152500,0.18716442584991455
152600,0.21147188544273376
152700,0.18388062715530396
152800,0.22104758024215698
152900,0.1669664829969406
153000,0.205587238073349
153100,0.23916830122470856
153200,0.2076222002506256
153300,0.16795319318771362
153400,0.19414545595645905
153500,0.19502253830432892
153600,0.15283000469207764
153700,0.1612752377986908
153800,0.16809521615505219
153900,0.18467015027999878
154000,0.17387352883815765
154100,0.16876061260700226
154200,0.16038641333580017
154300,0.17311957478523254
154400,0.17866885662078857
154500,0.1888662576675415
154600,0.1827361136674881
154700,0.1747303307056427
154800,0.17062969505786896
154900,0.21047592163085938
155000,0.1861860454082489
155100,0.17198018729686737
155200,0.20406576991081238
155300,0.21803835034370422
155400,0.20271487534046173
155500,0.21703845262527466
155600,0.19714871048927307
155700,0.18386107683181763
155800,0.21646226942539215
155900,0.22211723029613495
156000,0.20958250761032104
156100,0.21409916877746582
156200,0.17302830517292023
156300,0.18250365555286407
156400,0.20999117195606232
156500,0.23237405717372894
156600,0.2183397114276886
156700,0.2248179316520691
156800,0.1944890320301056
156900,0.18980945646762848
157000,0.18276751041412354
157100,0.23621943593025208
157200,0.17610479891300201
157300,0.21338893473148346
157400,0.17349985241889954
157500,0.1864635944366455
157600,0.1965007185935974
157700,0.18846815824508667
157800,0.2333042323589325
157900,0.19628266990184784
158000,0.21203264594078064
158100,0.20145602524280548
158200,0.2269677370786667
158300,0.2171035259962082
158400,0.16599708795547485
158500,0.19580987095832825
158600,0.19491298496723175
158700,0.21957498788833618
158800,0.2093973606824875
158900,0.17016597092151642
159000,0.1868220865726471
159100,0.1944880336523056
159200,0.18561682105064392
159300,0.19312646985054016
159400,0.20516330003738403
159500,0.19695298373699188
159600,0.1820075958967209
159700,0.21232225000858307
159800,0.2033839225769043
159900,0.18912366032600403
160000,0.1772807389497757
160100,0.19316625595092773
160200,0.18426497280597687
160300,0.16974759101867676
160400,0.20093891024589539
160500,0.182421013712883
160600,0.1944454312324524
160700,0.1991056203842163
160800,0.1944890320301056
160900,0.18447628617286682
161000,0.193887859582901
161100,0.1854284256696701
161200,0.1834718883037567
161300,0.17062969505786896
161400,0.21397428214550018
161500,0.15657761693000793
161600,0.2033454179763794
161700,0.17575132846832275
161800,0.19581858813762665
161900,0.19498229026794434
162000,0.17790350317955017
162100,0.2117539793252945
162200,0.19509448111057281
162300,0.19232653081417084
162400,0.20009292662143707
162500,0.20717400312423706
162600,0.15667250752449036
162700,0.17016597092151642
162800,0.21021293103694916
162900,0.1803327351808548
163000,0.2042941004037857
163100,0.1801777184009552
163200,0.21833787858486176
163300,0.16876061260700226
163400,0.17492857575416565
163500,0.1811586618423462
163600,0.1742626577615738
163700,0.15264393389225006
163800,0.22765503823757172
163900,0.18721114099025726
164000,0.2011922001838684
164100,0.20832686126232147
164200,0.21208982169628143
164300,0.18000109493732452
164400,0.20455104112625122
164500,0.21550598740577698
164600,0.18850013613700867
164700,0.20076043903827667
164800,0.15988928079605103
164900,0.22104758024215698
165000,0.22346192598342896
165100,0.17898645997047424
165200,0.1714245229959488
165300,0.20406576991081238
165400,0.1861860454082489
165500,0.20063485205173492
165600,0.1783677339553833
165700,0.1985853910446167
165800,0.18568897247314453
165900,0.1689566671848297
166000,0.18870915472507477
166100,0.20816923677921295
166200,0.18863552808761597
166300,0.21213756501674652
166400,0.2032647728919983
166500,0.2271309345960617
166600,0.19224266707897186
166700,0.16754639148712158
166800,0.19949327409267426
166900,0.1920350044965744
167000,0.2014911025762558
167100,0.1837710291147232
167200,0.16239191591739655
167300,0.1665583848953247
167400,0.18995216488838196
167500,0.15056023001670837
167600,0.19140438735485077
167700,0.19241631031036377
167800,0.21155865490436554
167900,0.1883511245250702
168000,0.16401854157447815
168100,0.18621250987052917
168200,0.18918529152870178
168300,0.1806236356496811
168400,0.1788230538368225
168500,0.19891048967838287
168600,0.17250663042068481
168700,0.16230666637420654
168800,0.18791963160037994
168900,0.17858973145484924
169000,0.18852902948856354
169100,0.18511852622032166
169200,0.1991056203842163
169300,0.19780412316322327
169400,0.1752370446920395
169500,0.159902885556221
169600,0.16438446938991547
169700,0.15198488533496857
169800,0.18000109493732452
169900,0.1641129106283188
170000,0.1580880731344223
170100,0.17034737765789032
170200,0.18261346220970154
170300,0.17653916776180267
170400,0.16131046414375305
170500,0.19581858813762665
170600,0.18863552808761597
170700,0.18409937620162964
170800,0.20841969549655914
170900,0.2068789303302765
171000,0.19184142351150513
171100,0.2215040773153305
171200,0.19561980664730072
171300,0.19042769074440002
171400,0.21747051179409027
171500,0.19464342296123505
171600,0.16347044706344604
171700,0.1733739823102951
171800,0.19561980664730072
171900,0.2026291787624359
172000,0.18143273890018463
172100,0.1937227100133896
172200,0.21147188544273376
172300,0.21083681285381317
172400,0.1944890320301056
172500,0.19236376881599426
172600,0.22740484774112701
172700,0.16598796844482422
172800,0.1904851347208023
172900,0.22025328874588013
173000,0.22390423715114594
173100,0.19092118740081787
173200,0.1819208264350891
173300,0.1851205676794052
173400,0.20591062307357788
173500,0.193887859582901
173600,0.2032647728919983
173700,0.22450825572013855
173800,0.20980507135391235
173900,0.1742626577615738
174000,0.18411040306091309
174100,0.18717414140701294
174200,0.1801777184009552
174300,0.18112890422344208
174400,0.18114380538463593
174500,0.17378811538219452
174600,0.1788230538368225
174700,0.22022467851638794
174800,0.17199882864952087
174900,0.19232653081417084
175000,0.16753897070884705
175100,0.18301643431186676
175200,0.18939973413944244
175300,0.19597128033638
175400,0.2133997529745102
175500,0.21646226942539215
175600,0.1829107403755188
175700,0.20416507124900818
175800,0.22167783975601196
175900,0.20958250761032104
176000,0.21554996073246002
176100,0.2004052847623825
176200,0.19111625850200653
176300,0.19316625595092773
176400,0.2048133909702301
176500,0.20416507124900818
176600,0.18173356354236603
176700,0.17524707317352295
176800,0.1733739823102951
176900,0.21153540909290314
177000,0.17588019371032715
177100,0.1523992121219635
177200,0.19270190596580505
177300,0.17622210085391998
177400,0.16876061260700226
177500,0.18167603015899658
177600,0.18173356354236603
177700,0.19270190596580505
177800,0.1925782412290573
177900,0.18467015027999878
178000,0.1878170222043991
178100,0.16822399199008942
178200,0.15036624670028687
178300,0.1864635944366455
178400,0.15912558138370514
178500,0.185183584690094
178600,0.1964530497789383
178700,0.17757414281368256
178800,0.1587173491716385
178900,0.1580880731344223
179000,0.23555897176265717
179100,0.17999635636806488
179200,0.19574810564517975
179300,0.2215040773153305
179400,0.22067150473594666
179500,0.1858735978603363
179600,0.18191254138946533
179700,0.2059268206357956
179800,0.18524052202701569
179900,0.17946279048919678
180000,0.18958650529384613
180100,0.1848817765712738
180200,0.1865077167749405
180300,0.1851515918970108
180400,0.1425197571516037
180500,0.17083626985549927
180600,0.20897498726844788
180700,0.21504466235637665
180800,0.17625512182712555
180900,0.18870915472507477
181000,0.18211139738559723
181100,0.15497390925884247
181200,0.15926243364810944
181300,0.16225607693195343
181400,0.17746543884277344
181500,0.141327366232872
181600,0.15732519328594208
181700,0.18468397855758667
181800,0.15200714766979218
181900,0.1384163796901703
182000,0.17746827006340027
182100,0.16822399199008942
182200,0.1925782412290573
182300,0.17302830517292023
182400,0.20522737503051758
182500,0.1904851347208023
182600,0.17625512182712555
182700,0.16921697556972504
182800,0.19158941507339478
182900,0.18702130019664764
183000,0.17548531293869019
183100,0.21460264921188354
183200,0.20009292662143707
183300,0.20520706474781036
183400,0.18354834616184235
183500,0.20277927815914154
183600,0.1806236356496811
183700,0.18262474238872528
183800,0.18019481003284454
183900,0.17016597092151642
184000,0.18497897684574127
184100,0.19844597578048706
184200,0.20919662714004517
184300,0.15526878833770752
184400,0.19502253830432892
184500,0.20817196369171143
184600,0.1999918818473816
184700,0.2026291787624359
184800,0.20352351665496826
184900,0.18106840550899506
185000,0.17899943888187408
185100,0.17762860655784607
185200,0.19727928936481476
185300,0.19628266990184784
185400,0.18850013613700867
185500,0.20271487534046173
185600,0.21508367359638214
185700,0.21824152767658234
185800,0.19106774032115936
185900,0.21460264921188354
186000,0.17790350317955017
186100,0.1976158320903778
186200,0.1878979504108429
186300,0.21283772587776184
186400,0.20019535720348358
186500,0.1806236356496811
186600,0.17746543884277344
186700,0.16158907115459442
186800,0.15153861045837402
186900,0.19623979926109314
187000,0.1820075958967209
187100,0.17487891018390656
187200,0.15514837205410004
187300,0.16974759101867676
187400,0.14920417964458466
187500,0.19687749445438385
187600,0.18511852622032166
187700,0.1747410148382187
187800,0.18936613202095032
187900,0.2026291787624359
188000,0.17925646901130676
188100,0.1898406594991684
188200,0.20721003413200378
188300,0.18807852268218994
188400,0.19100365042686462
188500,0.18675477802753448
188600,0.1925782412290573
188700,0.19368308782577515
188800,0.2071848064661026
188900,0.18780632317066193
189000,0.2209514081478119
189100,0.21101127564907074
189200,0.23442019522190094
189300,0.19780412316322327
189400,0.22018691897392273
189500,0.22815053164958954
189600,0.21774925291538239
189700,0.20223204791545868
189800,0.20132538676261902
189900,0.2127295881509781
190000,0.2045368254184723
190100,0.19241631031036377
190200,0.21428650617599487
190300,0.16671691834926605
190400,0.18870915472507477
190500,0.1917303502559662
190600,0.1820126622915268
190700,0.19414545595645905
190800,0.1711331456899643
190900,0.17883290350437164
191000,0.19780412316322327
191100,0.164595827460289
191200,0.1820075958967209
191300,0.1944454312324524
191400,0.1944880336523056
191500,0.19940485060214996
191600,0.20137406885623932
191700,0.170042484998703
191800,0.1983473300933838
191900,0.19949112832546234
192000,0.1708398014307022
192100,0.21087417006492615
192200,0.18155404925346375
192300,0.1999918818473816
192400,0.18250365555286407
192500,0.16894622147083282
192600,0.16441453993320465
192700,0.18737377226352692
192800,0.1982026845216751
192900,0.20008806884288788
193000,0.1642274111509323
193100,0.19704870879650116
193200,0.17926496267318726
193300,0.16466256976127625
193400,0.20850816369056702
193500,0.1720627397298813
193600,0.18870915472507477
193700,0.16300344467163086
193800,0.18988199532032013
193900,0.17610077559947968
194000,0.17151853442192078
194100,0.1883511245250702
194200,0.199889674782753
194300,0.18939973413944244
194400,0.16578741371631622
194500,0.2331198900938034
194600,0.17378811538219452
194700,0.2117539793252945
194800,0.22253166139125824
194900,0.18561682105064392
195000,0.18143273890018463
195100,0.20717400312423706
195200,0.18287865817546844
195300,0.1378462016582489
195400,0.17763707041740417
195500,0.1645367294549942
195600,0.18521614372730255
195700,0.20205892622470856
195800,0.1733739823102951
195900,0.2139860987663269
196000,0.18065939843654633
196100,0.17260922491550446
196200,0.17746827006340027
196300,0.18737871944904327
196400,0.16877983510494232
196500,0.1883511245250702
196600,0.16271376609802246
196700,0.18250304460525513
196800,0.2133997529745102
196900,0.1985853910446167
197000,0.22644305229187012
197100,0.19491298496723175
197200,0.1747410148382187
197300,0.16283340752124786
197400,0.1523992121219635
197500,0.1717349737882614
197600,0.19092118740081787
197700,0.19712881743907928
197800,0.20153139531612396
197900,0.16195277869701385
198000,0.19004224240779877
198100,0.1944454312324524
198200,0.20238743722438812
198300,0.1715487837791443
198400,0.18658098578453064
198500,0.21627365052700043
198600,0.18068289756774902
198700,0.1715487837791443
198800,0.20299944281578064
198900,0.17284756898880005
199000,0.20223204791545868
199100,0.17938312888145447
199200,0.20132538676261902
199300,0.1969122737646103
199400,0.19184142351150513
199500,0.17953082919120789
199600,0.21789249777793884
199700,0.21101127564907074
199800,0.1905144602060318
199900,0.20245108008384705
200000,0.22293813526630402
200100,0.21430666744709015
200200,0.18169616162776947
200300,0.17653916776180267
200400,0.19574810564517975
200500,0.1682867854833603
200600,0.17938312888145447
200700,0.20153015851974487
200800,0.21653564274311066
200900,0.18561682105064392
201000,0.18261346220970154
201100,0.18287865817546844
201200,0.19759748876094818
201300,0.19402864575386047
201400,0.17899943888187408
201500,0.1843540519475937
201600,0.19466128945350647
201700,0.16591152548789978
201800,0.178078755736351
201900,0.19111625850200653
202000,0.1888832449913025
202100,0.18167603015899658
202200,0.21940021216869354
202300,0.18583975732326508
202400,0.16756275296211243
202500,0.20071549713611603
202600,0.18447628617286682
202700,0.16084200143814087
202800,0.1751721203327179
202900,0.16415300965309143
203000,0.1888662576675415
203100,0.1766606569290161
203200,0.16364769637584686
203300,0.16934463381767273
203400,0.18036772310733795
203500,0.18753987550735474
203600,0.18568897247314453
203700,0.1589736044406891
203800,0.17562983930110931
203900,0.18993884325027466
204000,0.1646856665611267
204100,0.1523992121219635
204200,0.17136643826961517
204300,0.1811586618423462
204400,0.16956882178783417
204500,0.15383346378803253
204600,0.17575132846832275
204700,0.16889125108718872
204800,0.1925782412290573
204900,0.1806236356496811
205000,0.1689566671848297
205100,0.20457935333251953
205200,0.17938312888145447
205300,0.18388062715530396
205400,0.18918529152870178
205500,0.17614543437957764
205600,0.18143273890018463
205700,0.16722744703292847
205800,0.17413781583309174
205900,0.1897365301847458
206000,0.19566798210144043
206100,0.1817336082458496
206200,0.20398859679698944
206300,0.20966395735740662
206400,0.18918529152870178
206500,0.18065939843654633
206600,0.17251551151275635
206700,0.17016597092151642
206800,0.17698386311531067
206900,0.19780412316322327
207000,0.18754063546657562
207100,0.14702913165092468
207200,0.18568897247314453
207300,0.17420916259288788
207400,0.17610077559947968
207500,0.15192537009716034
207600,0.16179923713207245
207700,0.14336824417114258
207800,0.17763707041740417
207900,0.17683711647987366
208000,0.14431872963905334
208100,0.13682298362255096
208200,0.17559771239757538
208300,0.15497390925884247
208400,0.16319961845874786
208500,0.14848537743091583
208600,0.14307741820812225
208700,0.14903420209884644
208800,0.15336444973945618
208900,0.15127721428871155
209000,0.1625564694404602
209100,0.19100365042686462
209200,0.19184142351150513
209300,0.17689815163612366
209400,0.17653916776180267
209500,0.1787540465593338
209600,0.17562983930110931
209700,0.20805737376213074
209800,0.20721003413200378
209900,0.15755650401115417
210000,0.1605411320924759
210100,0.17971307039260864
210200,0.1666269600391388
210300,0.1806236356496811
210400,0.17002825438976288
210500,0.20707611739635468
210600,0.21709032356739044
210700,0.1747303307056427
210800,0.20895268023014069
210900,0.1861860454082489
211000,0.20299944281578064
211100,0.18737377226352692
211200,0.17073282599449158
211300,0.1920350044965744
211400,0.1865689754486084
211500,0.20073260366916656
211600,0.2192855179309845
211700,0.18603603541851044
211800,0.2136891484260559
211900,0.21542611718177795
212000,0.24037140607833862
212100,0.18067945539951324
212200,0.2072022557258606
212300,0.17261074483394623
212400,0.182421013712883
212500,0.16235265135765076
212600,0.18074850738048553
212700,0.19401833415031433
212800,0.13894280791282654
212900,0.17664451897144318
213000,0.172818124294281
213100,0.20073260366916656
213200,0.15095935761928558
213300,0.1865689754486084
213400,0.20867417752742767
213500,0.18889166414737701
213600,0.17311957478523254
213700,0.20168527960777283
213800,0.19042769074440002
213900,0.1878979504108429
214000,0.18615765869617462
214100,0.18912366032600403
214200,0.15151093900203705
214300,0.16599708795547485
214400,0.19100365042686462
214500,0.20500750839710236
214600,0.18386107683181763
214700,0.15821805596351624
214800,0.16460025310516357
214900,0.19365741312503815
215000,0.17105095088481903
215100,0.19466128945350647
215200,0.17567822337150574
215300,0.1765870600938797
215400,0.18221211433410645
215500,0.170042484998703
215600,0.2247195988893509
215700,0.2028394490480423
215800,0.18863552808761597
215900,0.17073282599449158
216000,0.18114380538463593
216100,0.20299944281578064
216200,0.20063485205173492
216300,0.16644148528575897
216400,0.20738863945007324
216500,0.1747303307056427
216600,0.20462676882743835
216700,0.1751718521118164
216800,0.2054823487997055
216900,0.16084200143814087
217000,0.15559829771518707
217100,0.17101188004016876
217200,0.17136643826961517
217300,0.2111278921365738
217400,0.1743934005498886
217500,0.17846116423606873
217600,0.18057233095169067
217700,0.17710784077644348
217800,0.2033075988292694
217900,0.19365741312503815
218000,0.18301643431186676
218100,0.18169616162776947
218200,0.19358433783054352
218300,0.172818124294281
218400,0.17878679931163788
218500,0.19491298496723175
218600,0.18287865817546844
218700,0.16815900802612305
218800,0.17424680292606354
218900,0.15571841597557068
219000,0.17793236672878265
219100,0.16578741371631622
219200,0.19359347224235535
219300,0.16239191591739655
219400,0.17483824491500854
219500,0.18691052496433258
219600,0.17527109384536743
219700,0.19140438735485077
219800,0.19295871257781982
219900,0.16084200143814087
220000,0.18718822300434113
220100,0.19704870879650116
220200,0.18152955174446106
220300,0.18445822596549988
220400,0.15732519328594208
220500,0.15056023001670837
220600,0.1944880336523056
220700,0.18019481003284454
220800,0.19316625595092773
220900,0.17628447711467743
221000,0.17610077559947968
221100,0.1639476865530014
221200,0.1513921171426773
221300,0.17669254541397095
221400,0.16441453993320465
221500,0.1652182638645172
221600,0.18360275030136108
221700,0.15056023001670837
221800,0.15153861045837402
221900,0.1714245229959488
222000,0.15812839567661285
222100,0.15700635313987732
222200,0.16017131507396698
222300,0.1580880731344223
222400,0.17311957478523254
222500,0.1820126622915268
222600,0.18019481003284454
222700,0.15551155805587769
222800,0.1905241161584854
222900,0.16015423834323883
223000,0.1823888123035431
223100,0.19667640328407288
223200,0.1641129106283188
223300,0.18702130019664764
223400,0.1878979504108429
223500,0.12145555764436722
223600,0.16401854157447815
223700,0.1828000545501709
223800,0.1834718883037567
223900,0.2039719671010971
224000,0.18197964131832123
224100,0.19491298496723175
224200,0.18101966381072998
224300,0.20063485205173492
224400,0.20616380870342255
224500,0.18967854976654053
224600,0.19393010437488556
224700,0.18136976659297943
224800,0.1905241161584854
224900,0.1686292290687561
225000,0.1491098403930664
225100,0.18648336827754974
225200,0.17387352883815765
225300,0.17827442288398743
225400,0.19224266707897186
225500,0.16835874319076538
225600,0.17396436631679535
225700,0.17389479279518127
225800,0.17699389159679413
225900,0.17548531293869019
226000,0.16835874319076538
226100,0.1901894509792328
226200,0.178078755736351
226300,0.17974938452243805
226400,0.1834718883037567
226500,0.18333305418491364
226600,0.17746827006340027
226700,0.16297803819179535
226800,0.17487891018390656
226900,0.14764520525932312
227000,0.14950397610664368
227100,0.18702130019664764
227200,0.14909669756889343
227300,0.17223411798477173
227400,0.17746827006340027
227500,0.18323586881160736
227600,0.1666269600391388
227700,0.18445822596549988
227800,0.17971307039260864
227900,0.19402864575386047
228000,0.1682867854833603
228100,0.1834718883037567
228200,0.17628447711467743
228300,0.17653916776180267
228400,0.1837710291147232
228500,0.16858325898647308
228600,0.2026534378528595
228700,0.1747410148382187
228800,0.15985575318336487
228900,0.18561682105064392
229000,0.17588908970355988
229100,0.18335303664207458
229200,0.164595827460289
229300,0.19430845975875854
229400,0.1439160406589508
229500,0.18872269988059998
229600,0.16822399199008942
229700,0.17625512182712555
229800,0.1751718521118164
229900,0.20850816369056702
230000,0.17725640535354614
230100,0.1827361136674881
230200,0.15227745473384857
230300,0.16239191591739655
230400,0.1715487837791443
230500,0.19225376844406128
230600,0.18068289756774902
230700,0.18426497280597687
230800,0.20097896456718445
230900,0.1827361136674881
231000,0.1442660540342331
231100,0.2011922001838684
231200,0.1834244281053543
231300,0.17567822337150574
231400,0.19496595859527588
231500,0.18333305418491364
231600,0.20935864746570587
231700,0.1608397215604782
231800,0.1787540465593338
231900,0.17380143702030182
232000,0.2045368254184723
232100,0.1747410148382187
232200,0.19756484031677246
232300,0.156800776720047
232400,0.182421013712883
232500,0.19100230932235718
232600,0.2071848064661026
232700,0.17590360343456268
232800,0.20631548762321472
232900,0.18546219170093536
233000,0.18422512710094452
233100,0.19519533216953278
233200,0.17655350267887115
233300,0.19769112765789032
233400,0.18870915472507477
233500,0.2132558673620224
233600,0.1661655157804489
233700,0.18603603541851044
233800,0.1829107403755188
233900,0.18019481003284454
234000,0.16430507600307465
234100,0.18635344505310059
234200,0.18651993572711945
234300,0.17725640535354614
234400,0.18143273890018463
234500,0.1905144602060318
234600,0.1715487837791443
234700,0.2045368254184723
234800,0.17760346829891205
234900,0.2079160511493683
235000,0.179343119263649
235100,0.193887859582901
235200,0.2116028219461441
235300,0.19431406259536743
235400,0.17760346829891205
235500,0.17002825438976288
235600,0.17610077559947968
235700,0.18521614372730255
235800,0.20434130728244781
235900,0.18250639736652374
236000,0.1865689754486084
236100,0.14030830562114716
236200,0.1882496476173401
236300,0.16998249292373657
236400,0.14466290175914764
236500,0.16158907115459442
236600,0.1697259396314621
236700,0.1720627397298813
236800,0.18155404925346375
236900,0.183844655752182
237000,0.18483008444309235
237100,0.18817999958992004
237200,0.21026739478111267
237300,0.18737871944904327
237400,0.18169616162776947
237500,0.21558143198490143
237600,0.22018691897392273
237700,0.21584179997444153
237800,0.18521614372730255
237900,0.15898536145687103
238000,0.16040828824043274
238100,0.16493451595306396
238200,0.1445438116788864
238300,0.20935864746570587
238400,0.22820155322551727
238500,0.17899943888187408
238600,0.1996440291404724
238700,0.19891048967838287
238800,0.19491298496723175
238900,0.16097405552864075
239000,0.1989094614982605
239100,0.1991056203842163
239200,0.19089020788669586
239300,0.18615765869617462
239400,0.18556904792785645
239500,0.2188548594713211
239600,0.16614355146884918
239700,0.16015423834323883
239800,0.1869664043188095
239900,0.18568897247314453
240000,0.16894622147083282
240100,0.21636240184307098
240200,0.1966206431388855
240300,0.19312646985054016
240400,0.20895268023014069
240500,0.2070697695016861
240600,0.17689815163612366
240700,0.1753040999174118
240800,0.19414545595645905
240900,0.20153139531612396
241000,0.1653321087360382
241100,0.19623979926109314
241200,0.22275413572788239
241300,0.20663408935070038
241400,0.1969122737646103
241500,0.22042544186115265
241600,0.20995840430259705
241700,0.20707611739635468
241800,0.20811082422733307
241900,0.19316625595092773
242000,0.19797667860984802
242100,0.1944890320301056
242200,0.1861860454082489
242300,0.178416445851326
242400,0.1814488023519516
242500,0.1989094614982605
242600,0.17073282599449158
242700,0.1697259396314621
242800,0.20935864746570587
242900,0.16375823318958282
243000,0.15422704815864563
243100,0.1985853910446167
243200,0.17034737765789032
243300,0.1905144602060318
243400,0.15325334668159485
243500,0.1604999452829361
243600,0.20170320570468903
243700,0.17866885662078857
243800,0.149816632270813
243900,0.1702955663204193
244000,0.18850013613700867
244100,0.1781855821609497
244200,0.22229154407978058
244300,0.21409916877746582
244400,0.17335744202136993
244500,0.16014307737350464
244600,0.20831671357154846
244700,0.1811586618423462
244800,0.18939973413944244
244900,0.17378811538219452
245000,0.1589840203523636
245100,0.20073260366916656
245200,0.21586638689041138
245300,0.2028394490480423
245400,0.19358433783054352
245500,0.19752492010593414
245600,0.1729283481836319
245700,0.14993828535079956
245800,0.1869664043188095
245900,0.1711331456899643
246000,0.16643978655338287
246100,0.1841002255678177
246200,0.19623789191246033
246300,0.18648336827754974
246400,0.1920350044965744
246500,0.18422512710094452
246600,0.1831059753894806
246700,0.1626099944114685
246800,0.192828968167305
246900,0.1678301841020584
247000,0.15009206533432007
247100,0.18237659335136414
247200,0.17762860655784607
247300,0.1669752448797226
247400,0.17302830517292023
247500,0.16578741371631622
247600,0.15127721428871155
247700,0.15126262605190277
247800,0.19891048967838287
247900,0.20867417752742767
248000,0.18197964131832123
248100,0.19224266707897186
248200,0.17937777936458588
248300,0.20416629314422607
248400,0.19234362244606018
248500,0.1618293970823288
248600,0.18354834616184235
248700,0.2257690280675888
248800,0.19195948541164398
248900,0.17540955543518066
249000,0.2168552428483963
249100,0.19402864575386047
249200,0.17391330003738403
249300,0.1956227570772171
249400,0.19061480462551117
249500,0.17653916776180267
249600,0.19158346951007843
249700,0.1864635944366455
249800,0.18914680182933807
249900,0.18283408880233765
250000,0.17762860655784607
250100,0.19137312471866608
250200,0.18939973413944244
250300,0.19628266990184784
250400,0.18426497280597687
250500,0.19466128945350647
250600,0.1834244281053543
250700,0.16195277869701385
250800,0.1860325038433075
250900,0.1892031878232956
251000,0.2138039618730545
251100,0.1808447390794754
251200,0.1691577285528183
251300,0.20369817316532135
251400,0.18926821649074554
251500,0.16737619042396545
251600,0.15898264944553375
251700,0.16867226362228394
251800,0.17349985241889954
251900,0.1527210921049118
252000,0.1596728265285492
252100,0.16739024221897125
252200,0.17746827006340027
252300,0.18112890422344208
252400,0.19580987095832825
252500,0.17780163884162903
252600,0.19674481451511383
252700,0.173629492521286
252800,0.17680665850639343
252900,0.19756484031677246
253000,0.18301643431186676
253100,0.14263911545276642
253200,0.16722732782363892
253300,0.15700635313987732
253400,0.1708398014307022
253500,0.20136310160160065
253600,0.18546219170093536
253700,0.17349985241889954
253800,0.18554405868053436
253900,0.17014135420322418
254000,0.179343119263649
254100,0.1869664043188095
254200,0.2201443910598755
254300,0.16347044706344604
254400,0.18556904792785645
254500,0.20645621418952942
254600,0.21459224820137024
254700,0.19629040360450745
254800,0.16934463381767273
254900,0.18850013613700867
255000,0.17450128495693207
255100,0.18556904792785645
255200,0.18068289756774902
255300,0.18250639736652374
255400,0.16894622147083282
255500,0.19073310494422913
255600,0.147187277674675
255700,0.1888662576675415
255800,0.18521614372730255
255900,0.16630877554416656
256000,0.15514837205410004
256100,0.15912558138370514
256200,0.19123311340808868
256300,0.16401854157447815
256400,0.19704870879650116
256500,0.17420916259288788
256600,0.17004233598709106
256700,0.17610479891300201
256800,0.17703889310359955
256900,0.1664777547121048
257000,0.1459018588066101
257100,0.175185889005661
257200,0.19293555617332458
257300,0.16225607693195343
257400,0.15985575318336487
257500,0.15526878833770752
257600,0.15853478014469147
257700,0.1674843728542328
257800,0.17387352883815765
257900,0.16961944103240967
258000,0.17978143692016602
258100,0.17959515750408173
258200,0.18568897247314453
258300,0.20077767968177795
258400,0.182421013712883
258500,0.15912558138370514
258600,0.15371502935886383
258700,0.13692738115787506
258800,0.1571560800075531
258900,0.18445822596549988
259000,0.1652182638645172
259100,0.1669664829969406
259200,0.17659728229045868
259300,0.19632022082805634
259400,0.17200356721878052
259500,0.12905870378017426
259600,0.14659683406352997
259700,0.15198488533496857
259800,0.1641712784767151
259900,0.1753040999174118
260000,0.1751718521118164
260100,0.195276141166687
260200,0.16756275296211243
260300,0.1618293970823288
260400,0.18167603015899658
260500,0.18077154457569122
260600,0.18386107683181763
260700,0.17312860488891602
260800,0.16510625183582306
260900,0.15700635313987732
261000,0.17083626985549927
261100,0.16401854157447815
261200,0.17251551151275635
261300,0.17655350267887115
261400,0.1828000545501709
261500,0.17704874277114868
261600,0.1730968952178955
261700,0.17653916776180267
261800,0.1969122737646103
261900,0.17669254541397095
262000,0.17389479279518127
262100,0.1677527278661728
262200,0.17728739976882935
262300,0.16068516671657562
262400,0.18398593366146088
262500,0.13969361782073975
262600,0.17699389159679413
262700,0.1806236356496811
262800,0.17753614485263824
262900,0.17311957478523254
263000,0.20231465995311737
263100,0.18087297677993774
263200,0.20897498726844788
263300,0.19466128945350647
263400,0.13359758257865906
263500,0.20603014528751373
263600,0.1751721203327179
263700,0.17562983930110931
263800,0.16718696057796478
263900,0.21026739478111267
264000,0.1686292290687561
264100,0.18691326677799225
264200,0.1825999915599823
264300,0.18717414140701294
264400,0.17101188004016876
264500,0.2072022557258606
264600,0.21103662252426147
264700,0.1841002255678177
264800,0.2028394490480423
264900,0.20132538676261902
265000,0.1905144602060318
265100,0.17413781583309174
265200,0.1720627397298813
265300,0.17790350317955017
265400,0.17738507688045502
265500,0.2064279317855835
265600,0.19807562232017517
265700,0.19509448111057281
265800,0.20816923677921295
265900,0.22580640017986298
266000,0.1860325038433075
266100,0.20414599776268005
266200,0.18511852622032166
266300,0.19431406259536743
266400,0.17867283523082733
266500,0.18087297677993774
266600,0.1799173206090927
266700,0.173356831073761
266800,0.1860325038433075
266900,0.17391330003738403
267000,0.1953534632921219
267100,0.18068289756774902
267200,0.1998000591993332
267300,0.17746543884277344
267400,0.22229154407978058
267500,0.17451737821102142
267600,0.17728739976882935
267700,0.19206491112709045
267800,0.18426497280597687
267900,0.19756484031677246
268000,0.19580987095832825
268100,0.192828968167305
268200,0.17559771239757538
268300,0.19732239842414856
268400,0.1677527278661728
268500,0.16934463381767273
268600,0.2048133909702301
268700,0.2116706222295761
268800,0.19519533216953278
268900,0.20460982620716095
269000,0.21208982169628143
269100,0.205587238073349
269200,0.19496595859527588
269300,0.1864635944366455
269400,0.2076222002506256
269500,0.18521614372730255
269600,0.1689566671848297
269700,0.20980507135391235
269800,0.20942337810993195
269900,0.18250365555286407
270000,0.18556904792785645
270100,0.20093891024589539
270200,0.1669209599494934
270300,0.16835874319076538
270400,0.17413781583309174
270500,0.20995840430259705
270600,0.18057233095169067
270700,0.17567822337150574
270800,0.20137406885623932
270900,0.1507883071899414
271000,0.17136643826961517
271100,0.16097405552864075
271200,0.18287865817546844
271300,0.19364726543426514
271400,0.20735152065753937
271500,0.1633284091949463
271600,0.17439152300357819
271700,0.18197964131832123
271800,0.2127295881509781
271900,0.21492379903793335
272000,0.19626188278198242
272100,0.20663408935070038
272200,0.22293813526630402
272300,0.219695046544075
272400,0.1678301841020584
272500,0.2159719616174698
272600,0.19258245825767517
272700,0.20591062307357788
272800,0.17067089676856995
272900,0.20470763742923737
273000,0.18250365555286407
273100,0.20663408935070038
273200,0.19976140558719635
273300,0.2048133909702301
273400,0.18852902948856354
273500,0.17728739976882935
273600,0.17449408769607544
273700,0.2117539793252945
273800,0.19056040048599243
273900,0.2045368254184723
274000,0.2139860987663269
274100,0.21637403964996338
274200,0.17971307039260864
274300,0.1691577285528183
274400,0.19158346951007843
274500,0.19566798210144043
274600,0.18556904792785645
274700,0.22313857078552246
274800,0.21630114316940308
274900,0.2188548594713211
275000,0.20797491073608398
275100,0.19580987095832825
275200,0.1841002255678177
275300,0.22797343134880066
275400,0.21895435452461243
275500,0.1983036994934082
275600,0.18152955174446106
275700,0.2042941004037857
275800,0.1841002255678177
275900,0.18914680182933807
276000,0.19071854650974274
276100,0.19545987248420715
276200,0.1788230538368225
276300,0.18936613202095032
276400,0.1841002255678177
276500,0.17349985241889954
276600,0.1979975551366806
276700,0.19491298496723175
276800,0.16795319318771362
276900,0.18409937620162964
277000,0.21542611718177795
277100,0.17450128495693207
277200,0.21298424899578094
277300,0.20930169522762299
277400,0.22826889157295227
277500,0.2010752111673355
277600,0.2033075988292694
277700,0.19024337828159332
277800,0.1720627397298813
277900,0.14920417964458466
278000,0.1747303307056427
278100,0.17930880188941956
278200,0.18556904792785645
278300,0.2010752111673355
278400,0.17312860488891602
278500,0.18479204177856445
278600,0.17067089676856995
278700,0.17173722386360168
278800,0.22885192930698395
278900,0.18521614372730255
279000,0.18250365555286407
279100,0.19964200258255005
279200,0.20352351665496826
279300,0.19888819754123688
279400,0.18036772310733795
279500,0.17483824491500854
279600,0.18780632317066193
279700,0.19491298496723175
279800,0.1479380577802658
279900,0.20022177696228027
280000,0.17930880188941956
280100,0.18483008444309235
280200,0.17801515758037567
280300,0.1983473300933838
280400,0.19844597578048706
280500,0.20462676882743835
280600,0.207681342959404
280700,0.16787849366664886
280800,0.1652182638645172
280900,0.18173356354236603
281000,0.2064065784215927
281100,0.22899535298347473
281200,0.1883511245250702
281300,0.20022177696228027
281400,0.19667640328407288
281500,0.19581858813762665
281600,0.16097405552864075
281700,0.16891701519489288
281800,0.2004052847623825
281900,0.19714738428592682
282000,0.1940782070159912
282100,0.19756484031677246
282200,0.20132538676261902
282300,0.19865700602531433
282400,0.19432520866394043
282500,0.20980507135391235
282600,0.16739024221897125
282700,0.179343119263649
282800,0.205587238073349
282900,0.21399225294589996
283000,0.18870915472507477
283100,0.2067548930644989
283200,0.1932697743177414
283300,0.19140438735485077
283400,0.19358433783054352
283500,0.18716442584991455
283600,0.16473759710788727
283700,0.17391330003738403
283800,0.1737847775220871
283900,0.18936613202095032
284000,0.17827442288398743
284100,0.17974938452243805
284200,0.19727928936481476
284300,0.19330233335494995
284400,0.18584464490413666
284500,0.1944890320301056
284600,0.21894626319408417
284700,0.17689815163612366
284800,0.16876061260700226
284900,0.19316625595092773
285000,0.19158941507339478
285100,0.1860325038433075
285200,0.2158861607313156
285300,0.19696396589279175
285400,0.20332272350788116
285500,0.20153139531612396
285600,0.18261346220970154
285700,0.22272159159183502
285800,0.22142675518989563
285900,0.18914680182933807
286000,0.19496595859527588
286100,0.17971307039260864
286200,0.18360275030136108
286300,0.21394383907318115
286400,0.21543964743614197
286500,0.22644305229187012
286600,0.19687749445438385
286700,0.2019910216331482
286800,0.1851205676794052
286900,0.193349227309227
287000,0.21209441125392914
287100,0.21239550411701202
287200,0.18525558710098267
287300,0.20995840430259705
287400,0.2355150431394577
287500,0.1982026845216751
287600,0.19687749445438385
287700,0.17655350267887115
287800,0.18333305418491364
287900,0.17653916776180267
288000,0.18939973413944244
288100,0.2273847609758377
288200,0.19006456434726715
288300,0.17056012153625488
288400,0.20069855451583862
288500,0.16739024221897125
288600,0.15836253762245178
288700,0.18221211433410645
288800,0.17389479279518127
288900,0.23023641109466553
289000,0.18651993572711945
289100,0.18333305418491364
289200,0.18250365555286407
289300,0.19100365042686462
289400,0.2048133909702301
289500,0.21331815421581268
289600,0.20738863945007324
289700,0.1982026845216751
289800,0.19158941507339478
289900,0.20631548762321472
290000,0.2209514081478119
290100,0.21584919095039368
290200,0.18250365555286407
290300,0.1527210921049118
290400,0.1892031878232956
290500,0.20352351665496826
290600,0.20001740753650665
290700,0.16283340752124786
290800,0.20679716765880585
290900,0.18964651226997375
291000,0.19623789191246033
291100,0.20205892622470856
291200,0.16550806164741516
291300,0.20919662714004517
291400,0.18426497280597687
291500,0.18965905904769897
291600,0.17424680292606354
291700,0.1904851347208023
291800,0.1589736044406891
291900,0.1766606569290161
292000,0.2020038664340973
292100,0.1988098919391632
292200,0.20979996025562286
292300,0.18335303664207458
292400,0.17588019371032715
292500,0.20816923677921295
292600,0.17835493385791779
292700,0.16551415622234344
292800,0.16040828824043274
292900,0.20249305665493011
293000,0.18195471167564392
293100,0.23301444947719574
293200,0.22306616604328156
293300,0.20223204791545868
293400,0.1833428591489792
293500,0.193887859582901
293600,0.19126637279987335
293700,0.1711331456899643
293800,0.20093891024589539
293900,0.205587238073349
294000,0.19888819754123688
294100,0.19902394711971283
294200,0.19293555617332458
294300,0.23082111775875092
294400,0.19224266707897186
294500,0.21213756501674652
294600,0.1692522168159485
294700,0.20022177696228027
294800,0.22145265340805054
294900,0.19126637279987335
295000,0.21803835034370422
295100,0.2030089795589447
295200,0.20020119845867157
295300,0.21460264921188354
295400,0.22529180347919464
295500,0.2308320701122284
295600,0.20077767968177795
295700,0.2072022557258606
295800,0.2163485884666443
295900,0.22243167459964752
296000,0.22216041386127472
296100,0.2345232218503952
296200,0.21428650617599487
296300,0.19807562232017517
296400,0.20935864746570587
296500,0.20498253405094147
296600,0.19126637279987335
296700,0.1942799836397171
296800,0.1983473300933838
296900,0.205587238073349
297000,0.21204544603824615
297100,0.199889674782753
297200,0.16131341457366943
297300,0.17242784798145294
297400,0.19140438735485077
297500,0.22739416360855103
297600,0.19519533216953278
297700,0.2040966898202896
297800,0.20132538676261902
297900,0.2206343561410904
298000,0.2345551997423172
298100,0.20775443315505981
298200,0.1633284091949463
298300,0.21543964743614197
298400,0.2242458164691925
298500,0.21460264921188354
298600,0.2019910216331482
298700,0.17487891018390656
298800,0.20679716765880585
298900,0.19598285853862762
299000,0.22067150473594666
299100,0.19807562232017517
299200,0.16961944103240967
299300,0.19358433783054352
299400,0.16614355146884918
299500,0.21933665871620178
299600,0.18737377226352692
299700,0.15728841722011566
299800,0.18155404925346375
299900,0.15732519328594208
300000,0.18817999958992004
300100,0.1944880336523056
300200,0.15009206533432007
300300,0.22847582399845123
300400,0.19402864575386047
300500,0.15153861045837402
300600,0.1677527278661728
300700,0.17746543884277344
300800,0.1711331456899643
300900,0.21714459359645844
301000,0.17710784077644348
301100,0.18731637299060822
301200,0.1753040999174118
301300,0.17242784798145294
301400,0.1669209599494934
301500,0.17930880188941956
301600,0.19496595859527588
301700,0.18205474317073822
301800,0.17238162457942963
301900,0.19541236758232117
302000,0.18222470581531525
302100,0.15127721428871155
302200,0.17502246797084808
302300,0.2130308747291565
302400,0.1931556761264801
302500,0.2032659500837326
302600,0.18863552808761597
302700,0.17250663042068481
302800,0.1692761778831482
302900,0.14758184552192688
303000,0.1827361136674881
303100,0.19266000390052795
303200,0.18561682105064392
303300,0.18360275030136108
303400,0.1641712784767151
303500,0.16084174811840057
303600,0.17897380888462067
303700,0.1641129106283188
303800,0.19123311340808868
303900,0.19092118740081787
304000,0.17930880188941956
304100,0.18702130019664764
304200,0.17002825438976288
304300,0.18951469659805298
304400,0.18519560992717743
304500,0.14558929204940796
304600,0.16822399199008942
304700,0.18785381317138672
304800,0.21338893473148346
304900,0.21482671797275543
305000,0.21958453953266144
305100,0.19566798210144043
305200,0.22739416360855103
305300,0.2048133909702301
305400,0.2103061079978943
305500,0.20851190388202667
305600,0.1882496476173401
305700,0.199889674782753
305800,0.2070697695016861
305900,0.1988098919391632
306000,0.19712881743907928
306100,0.21208982169628143
306200,0.1847139447927475
306300,0.18006174266338348
306400,0.18333305418491364
306500,0.1675223559141159
306600,0.21673935651779175
306700,0.19496595859527588
306800,0.21204544603824615
306900,0.20112410187721252
307000,0.20168527960777283
307100,0.19598285853862762
307200,0.1979975551366806
307300,0.20508787035942078
307400,0.18354834616184235
307500,0.20168527960777283
307600,0.17101188004016876
307700,0.22448134422302246
307800,0.18603603541851044
307900,0.178078755736351
308000,0.1956227570772171
308100,0.20773345232009888
308200,0.1789824515581131
308300,0.17658504843711853
308400,0.21894626319408417
308500,0.18197964131832123
308600,0.17746827006340027
308700,0.21915508806705475
308800,0.2042941004037857
308900,0.19004224240779877
309000,0.1699763834476471
309100,0.2042941004037857
309200,0.18250365555286407
309300,0.1618393361568451
309400,0.1692761778831482
309500,0.1715487837791443
309600,0.13760162889957428
309700,0.17762860655784607
309800,0.16795319318771362
309900,0.15153861045837402
310000,0.16839511692523956
310100,0.17034737765789032
310200,0.19158941507339478
310300,0.16204749047756195
310400,0.18780632317066193
310500,0.15298140048980713
310600,0.16681182384490967
310700,0.1665583848953247
310800,0.1714245229959488
310900,0.1590804159641266
311000,0.1956227570772171
311100,0.17497265338897705
311200,0.18155404925346375
311300,0.17946279048919678
311400,0.18799760937690735
311500,0.197636678814888
311600,0.2033839225769043
311700,0.20867417752742767
311800,0.19580987095832825
311900,0.21508367359638214
312000,0.2218461036682129
312100,0.21087417006492615
312200,0.20170320570468903
312300,0.20679716765880585
312400,0.19402864575386047
312500,0.2045368254184723
312600,0.17930880188941956
312700,0.1883137822151184
312800,0.19931702315807343
312900,0.19100365042686462
313000,0.20663408935070038
313100,0.19888819754123688
313200,0.18872269988059998
313300,0.18784421682357788
313400,0.21536460518836975
313500,0.18568897247314453
313600,0.16239191591739655
313700,0.21413911879062653
313800,0.18835897743701935
313900,0.17728739976882935
314000,0.197636678814888
314100,0.20610174536705017
314200,0.1851205676794052
314300,0.20591062307357788
314400,0.15912558138370514
314500,0.20299944281578064
314600,0.19867052137851715
314700,0.18556904792785645
314800,0.19797667860984802
314900,0.19316625595092773
315000,0.16634501516819
315100,0.18195471167564392
315200,0.16822399199008942
315300,0.18872269988059998
315400,0.19756484031677246
315500,0.2117539793252945
315600,0.19780412316322327
315700,0.2010752111673355
315800,0.17564387619495392
315900,0.20500750839710236
