11.366933425664902,85473588,164904
acc
0.49082568287849426
0.49082568287849426
0.5091742873191833
0.5091742873191833
0.5091742873191833
0.5091742873191833
0.5091742873191833
0.5091742873191833
0.5091742873191833
0.5091742873191833
0.5091742873191833
0.5091742873191833
0.5091742873191833
0.5091742873191833
0.5091742873191833
0.5091742873191833
0.5091742873191833
0.5091742873191833
0.5091742873191833
0.5091742873191833
0.5091742873191833
0.5091742873191833
0.5091742873191833
0.5091742873191833
0.5091742873191833
0.5091742873191833
0.5527523159980774
0.771789014339447
0.7775229215621948
0.7798165082931519
0.7855504751205444
0.7912843823432922
0.7878440618515015
0.7798165082931519
0.7855504751205444
0.8027523159980774
0.7660550475120544
0.8027523159980774
0.8050458431243896
0.8084862232208252
0.8016055226325989
0.7855504751205444
0.8073394298553467
0.8142201900482178
0.8153669834136963
0.8142201900482178
0.8119266033172607
0.8119266033172607
0.8176605701446533
0.8142201900482178
0.8153669834136963
0.8130733966827393
0.8130733966827393
0.8153669834136963
0.8211008906364441
0.8096330165863037
0.8119266033172607
0.8165137767791748
0.8199541568756104
0.8061926364898682
0.8256880640983582
0.8211008906364441
0.8130733966827393
0.8165137767791748
0.8176605701446533
0.8153669834136963
0.8119266033172607
0.8142201900482178
0.8199541568756104
0.8211008906364441
0.8199541568756104
0.8188073635101318
0.8188073635101318
0.8165137767791748
0.8199541568756104
0.8176605701446533
0.8119266033172607
0.8130733966827393
0.8256880640983582
0.8176605701446533
0.8165137767791748
0.8199541568756104
0.8153669834136963
0.8256880640983582
0.8256880640983582
0.8233944773674011
0.8222476840019226
0.8233944773674011
0.8199541568756104
0.8188073635101318
0.8245412707328796
0.8314220309257507
0.8268348574638367
0.8176605701446533
0.8222476840019226
0.8222476840019226
0.8222476840019226
0.8314220309257507
0.8176605701446533
0.8233944773674011
0.8256880640983582
0.8256880640983582
0.7912843823432922
0.8130733966827393
0.8176605701446533
0.8211008906364441
0.8222476840019226
0.8199541568756104
0.8394495248794556
0.8165137767791748
0.8314220309257507
0.8245412707328796
0.8188073635101318
0.8291284441947937
0.8291284441947937
0.8165137767791748
0.8176605701446533
0.8279816508293152
0.8325688242912292
0.8325688242912292
0.8233944773674011
0.8417431116104126
0.8417431116104126
0.8268348574638367
0.8268348574638367
0.8394495248794556
0.8211008906364441
0.8291284441947937
0.8337156176567078
0.8371559381484985
0.8440366983413696
0.8188073635101318
0.8176605701446533
0.8302752375602722
0.8107798099517822
0.83600914478302
0.8440366983413696
0.83600914478302
0.8348624110221863
0.8314220309257507
0.8337156176567078
0.8302752375602722
0.8325688242912292
0.8394495248794556
0.8417431116104126
0.838302731513977
0.8302752375602722
0.8337156176567078
0.8348624110221863
0.8211008906364441
0.8291284441947937
0.8325688242912292
0.83600914478302
0.8176605701446533
0.8245412707328796
0.8279816508293152
0.8314220309257507
0.8222476840019226
0.83600914478302
0.8302752375602722
0.8302752375602722
0.8245412707328796
0.8245412707328796
0.8188073635101318
0.8268348574638367
0.8268348574638367
0.8348624110221863
0.8245412707328796
0.8245412707328796
0.8291284441947937
0.8256880640983582
0.8314220309257507
0.8119266033172607
0.83600914478302
0.8096330165863037
0.8314220309257507
0.8314220309257507
0.8256880640983582
0.8302752375602722
0.8222476840019226
0.8302752375602722
0.8314220309257507
0.8302752375602722
0.8314220309257507
0.8417431116104126
0.8176605701446533
0.8199541568756104
0.8256880640983582
0.8337156176567078
0.8348624110221863
0.8440366983413696
0.8337156176567078
0.83600914478302
0.8394495248794556
0.8222476840019226
0.8279816508293152
0.8302752375602722
0.8245412707328796
0.838302731513977
0.8394495248794556
0.8268348574638367
0.8440366983413696
0.8451834917068481
0.8440366983413696
0.8279816508293152
0.8291284441947937
0.8268348574638367
0.8302752375602722
0.8497706651687622
0.8348624110221863
0.8314220309257507
0.8394495248794556
0.8348624110221863
0.8291284441947937
0.8348624110221863
0.8348624110221863
0.8268348574638367
0.838302731513977
0.8417431116104126
0.8440366983413696
0.8440366983413696
0.83600914478302
0.83600914478302
0.8405963182449341
0.8371559381484985
0.8405963182449341
0.8256880640983582
0.8279816508293152
0.8394495248794556
0.8291284441947937
0.8256880640983582
0.838302731513977
0.8405963182449341
0.8325688242912292
0.8440366983413696
0.83600914478302
0.8325688242912292
0.8337156176567078
0.8417431116104126
0.8279816508293152
0.8279816508293152
0.8371559381484985
0.8245412707328796
0.8256880640983582
0.8291284441947937
0.8474770784378052
0.8371559381484985
0.8279816508293152
0.7981651425361633
0.8302752375602722
0.8268348574638367
0.8245412707328796
0.8279816508293152
0.8291284441947937
0.8405963182449341
0.8291284441947937
0.8337156176567078
0.8371559381484985
0.8325688242912292
0.8474770784378052
0.8405963182449341
0.8256880640983582
0.8337156176567078
0.8325688242912292
0.8176605701446533
0.8394495248794556
0.8256880640983582
0.8188073635101318
0.8394495248794556
0.8417431116104126
0.8394495248794556
0.8348624110221863
0.8302752375602722
0.8291284441947937
0.8337156176567078
0.8302752375602722
0.838302731513977
0.8314220309257507
0.8291284441947937
0.8394495248794556
0.8302752375602722
0.8348624110221863
0.83600914478302
0.8325688242912292
0.8394495248794556
0.8371559381484985
0.8394495248794556
0.83600914478302
0.8371559381484985
0.838302731513977
0.8509174585342407
0.8417431116104126
0.8440366983413696
0.8520641922950745
0.8405963182449341
0.8486238718032837
0.8394495248794556
0.8474770784378052
0.8486238718032837
0.8302752375602722
0.8486238718032837
0.8337156176567078
0.8509174585342407
0.8474770784378052
0.8371559381484985
0.8337156176567078
0.8314220309257507
0.8291284441947937
0.8291284441947937
0.8405963182449341
0.8291284441947937
0.8417431116104126
0.838302731513977
0.8291284441947937
0.8245412707328796
0.8474770784378052
0.8233944773674011
0.8348624110221863
0.8256880640983582
0.8440366983413696
0.8279816508293152
0.838302731513977
0.838302731513977
0.8394495248794556
0.8405963182449341
0.8394495248794556
0.8348624110221863
0.8474770784378052
0.8474770784378052
0.8405963182449341
0.8371559381484985
0.8417431116104126
0.83600914478302
0.8325688242912292
0.8337156176567078
0.8417431116104126
0.83600914478302
0.8279816508293152
0.838302731513977
0.8417431116104126
0.8348624110221863
0.8371559381484985
0.8394495248794556
0.8211008906364441
0.83600914478302
0.8371559381484985
0.8394495248794556
0.838302731513977
0.838302731513977
0.8509174585342407
0.8428899049758911
0.8428899049758911
0.8486238718032837
0.8394495248794556
0.8325688242912292
0.8325688242912292
0.8428899049758911
0.8394495248794556
0.838302731513977
0.8463302850723267
0.838302731513977
0.8199541568756104
0.8165137767791748
0.8417431116104126
0.8337156176567078
0.8222476840019226
0.838302731513977
0.8211008906364441
0.8394495248794556
0.8486238718032837
0.8371559381484985
0.8337156176567078
0.8451834917068481
0.8279816508293152
0.8279816508293152
0.8348624110221863
0.8256880640983582
0.8314220309257507
0.8325688242912292
0.8337156176567078
0.8256880640983582
0.8337156176567078
0.8256880640983582
0.8337156176567078
0.838302731513977
0.83600914478302
0.8245412707328796
0.8268348574638367
0.8302752375602722
0.8268348574638367
0.8142201900482178
0.8337156176567078
0.838302731513977
0.8302752375602722
0.8096330165863037
0.8394495248794556
0.8165137767791748
0.8256880640983582
0.8233944773674011
0.8394495248794556
0.8394495248794556
0.8417431116104126
0.8291284441947937
0.8337156176567078
0.8394495248794556
0.8233944773674011
0.8188073635101318
0.8268348574638367
0.8417431116104126
0.838302731513977
0.8130733966827393
0.83600914478302
0.838302731513977
0.8428899049758911
0.8451834917068481
0.8405963182449341
0.8291284441947937
0.8222476840019226
0.8337156176567078
0.8233944773674011
0.8245412707328796
0.8440366983413696
0.8337156176567078
0.838302731513977
0.8394495248794556
0.8417431116104126
0.8256880640983582
0.8348624110221863
0.8371559381484985
0.838302731513977
0.8038991093635559
0.83600914478302
0.8291284441947937
0.8325688242912292
0.8279816508293152
0.8291284441947937
0.83600914478302
0.8096330165863037
0.8474770784378052
0.8348624110221863
0.8302752375602722
0.8165137767791748
0.8153669834136963
0.83600914478302
0.8245412707328796
0.8302752375602722
0.8211008906364441
0.8509174585342407
0.838302731513977
0.8348624110221863
0.83600914478302
0.8245412707328796
0.8428899049758911
0.8245412707328796
0.8245412707328796
0.8302752375602722
0.8325688242912292
0.838302731513977
0.8348624110221863
0.8337156176567078
0.8371559381484985
0.8394495248794556
0.8348624110221863
0.8440366983413696
0.8325688242912292
0.8233944773674011
0.8428899049758911
0.8337156176567078
0.8337156176567078
0.8417431116104126
0.8463302850723267
0.8291284441947937
0.8302752375602722
0.8440366983413696
0.8463302850723267
0.8279816508293152
0.8314220309257507
0.8314220309257507
0.83600914478302
0.8314220309257507
0.8004587292671204
0.8371559381484985
0.8348624110221863
0.838302731513977
0.8325688242912292
0.8279816508293152
0.8371559381484985
0.8371559381484985
0.8279816508293152
0.8451834917068481
0.8417431116104126
0.8302752375602722
0.8371559381484985
0.8279816508293152
0.8348624110221863
0.8417431116104126
0.8394495248794556
0.8440366983413696
0.8417431116104126
0.83600914478302
0.83600914478302
0.8314220309257507
0.8394495248794556
0.8463302850723267
0.8440366983413696
0.8325688242912292
0.8222476840019226
0.838302731513977
0.8486238718032837
0.8428899049758911
0.8291284441947937
0.8451834917068481
0.8451834917068481
0.8176605701446533
0.8245412707328796
0.8463302850723267
0.8394495248794556
0.83600914478302
0.8463302850723267
0.8325688242912292
0.8428899049758911
0.8256880640983582
0.8428899049758911
0.8256880640983582
0.8371559381484985
0.8405963182449341
0.8371559381484985
0.8096330165863037
0.8371559381484985
0.8256880640983582
0.8130733966827393
0.8245412707328796
0.8314220309257507
0.8348624110221863
0.8256880640983582
0.8256880640983582
0.8291284441947937
0.8302752375602722
0.8348624110221863
0.8211008906364441
0.8268348574638367
0.8256880640983582
0.8279816508293152
0.8107798099517822
0.8211008906364441
0.838302731513977
0.8314220309257507
0.8314220309257507
0.8325688242912292
0.8222476840019226
0.8337156176567078
0.8417431116104126
0.8337156176567078
0.8337156176567078
0.8302752375602722
0.8211008906364441
0.8188073635101318
0.8405963182449341
0.8314220309257507
0.8256880640983582
0.8417431116104126
0.8394495248794556
0.8245412707328796
0.8142201900482178
0.8337156176567078
0.8291284441947937
0.8268348574638367
0.8279816508293152
0.8348624110221863
0.8428899049758911
0.8451834917068481
0.8405963182449341
0.8291284441947937
0.8371559381484985
0.8371559381484985
0.8302752375602722
0.8451834917068481
0.8394495248794556
0.8451834917068481
0.8245412707328796
0.8394495248794556
0.8348624110221863
0.8337156176567078
0.8371559381484985
0.8417431116104126
0.8233944773674011
0.8394495248794556
0.8279816508293152
0.8348624110221863
0.8314220309257507
0.8405963182449341
0.838302731513977
0.8474770784378052
0.8486238718032837
0.8405963182449341
0.8451834917068481
0.8417431116104126
0.8405963182449341
0.8463302850723267
0.8302752375602722
0.8279816508293152
0.8199541568756104
0.8394495248794556
0.8245412707328796
0.8337156176567078
0.8337156176567078
0.8325688242912292
0.838302731513977
0.8394495248794556
0.8325688242912292
0.8428899049758911
0.83600914478302
0.8348624110221863
0.8405963182449341
0.8394495248794556
0.8348624110221863
0.8405963182449341
0.8371559381484985
0.8348624110221863
0.8279816508293152
0.8268348574638367
0.83600914478302
0.8291284441947937
0.8256880640983582
0.8268348574638367
0.8302752375602722
0.8291284441947937
0.8405963182449341
0.8165137767791748
0.8291284441947937
0.8394495248794556
0.8337156176567078
0.8314220309257507
0.8394495248794556
0.8245412707328796
0.8325688242912292
0.8325688242912292
0.8371559381484985
0.8279816508293152
0.838302731513977
0.8451834917068481
0.8451834917068481
0.853210985660553
0.838302731513977
0.838302731513977
0.8325688242912292
0.8256880640983582
0.8325688242912292
0.8211008906364441
0.8176605701446533
0.8325688242912292
0.8417431116104126
0.8405963182449341
0.83600914478302
0.8279816508293152
0.8279816508293152
0.8314220309257507
0.8325688242912292
0.8233944773674011
0.8211008906364441
0.83600914478302
0.8245412707328796
0.8245412707328796
0.838302731513977
0.8325688242912292
0.8268348574638367
0.8256880640983582
0.8245412707328796
0.83600914478302
0.8325688242912292
0.83600914478302
0.8291284441947937
0.8268348574638367
0.83600914478302
0.8291284441947937
0.8337156176567078
0.838302731513977
0.838302731513977
0.8394495248794556
0.83600914478302
0.8440366983413696
0.838302731513977
0.8222476840019226
0.8394495248794556
0.8233944773674011
0.8291284441947937
0.8268348574638367
0.8486238718032837
0.8405963182449341
0.8165137767791748
0.8291284441947937
0.8268348574638367
0.8142201900482178
0.8440366983413696
0.838302731513977
0.8405963182449341
0.8199541568756104
0.83600914478302
0.8211008906364441
0.8233944773674011
0.83600914478302
0.8394495248794556
0.838302731513977
0.8325688242912292
0.8314220309257507
0.8394495248794556
0.8394495248794556
0.8199541568756104
0.8279816508293152
0.8325688242912292
0.8348624110221863
0.838302731513977
0.8348624110221863
0.8325688242912292
0.8348624110221863
0.8302752375602722
0.8165137767791748
0.8371559381484985
0.8268348574638367
0.8348624110221863
0.83600914478302
0.8302752375602722
0.8417431116104126
0.8405963182449341
0.8325688242912292
0.8314220309257507
0.8337156176567078
0.8233944773674011
0.8325688242912292
0.8256880640983582
0.838302731513977
0.8199541568756104
0.8371559381484985
0.83600914478302
0.8428899049758911
0.8268348574638367
0.83600914478302
0.8291284441947937
0.8130733966827393
0.8233944773674011
0.8188073635101318
0.8302752375602722
0.8188073635101318
0.8199541568756104
0.8233944773674011
0.8199541568756104
0.8233944773674011
0.8279816508293152
0.8188073635101318
0.8245412707328796
0.8394495248794556
0.8314220309257507
0.8245412707328796
0.8268348574638367
0.8337156176567078
0.8256880640983582
0.8302752375602722
0.8405963182449341
0.8428899049758911
0.8337156176567078
0.8279816508293152
0.8371559381484985
0.8233944773674011
0.8337156176567078
0.8325688242912292
0.8256880640983582
0.8337156176567078
0.8199541568756104
0.8245412707328796
0.8279816508293152
0.8371559381484985
0.8268348574638367
0.8188073635101318
0.8348624110221863
0.8222476840019226
0.8302752375602722
0.8245412707328796
0.8268348574638367
0.8233944773674011
0.8279816508293152
0.8394495248794556
0.8314220309257507
0.8314220309257507
0.8233944773674011
0.8222476840019226
0.8245412707328796
0.8279816508293152
0.8222476840019226
0.8256880640983582
0.8337156176567078
0.8463302850723267
0.83600914478302
0.8440366983413696
0.83600914478302
0.8256880640983582
0.8268348574638367
0.8428899049758911
0.8371559381484985
0.8245412707328796
0.857798159122467
0.83600914478302
0.8348624110221863
0.8486238718032837
0.8222476840019226
0.838302731513977
0.8417431116104126
0.8428899049758911
0.8348624110221863
0.8417431116104126
0.8314220309257507
0.8256880640983582
0.8371559381484985
0.8256880640983582
0.8268348574638367
0.8428899049758911
0.8348624110221863
0.83600914478302
0.8337156176567078
0.83600914478302
0.8325688242912292
0.8291284441947937
0.8348624110221863
0.8428899049758911
0.8233944773674011
0.8199541568756104
0.8222476840019226
0.8337156176567078
0.8337156176567078
0.8314220309257507
0.8302752375602722
0.8245412707328796
0.8325688242912292
0.8440366983413696
0.8497706651687622
0.8211008906364441
0.83600914478302
0.8314220309257507
0.8405963182449341
0.838302731513977
0.8337156176567078
0.8211008906364441
0.8371559381484985
0.8314220309257507
0.8279816508293152
0.8417431116104126
0.8463302850723267
0.8520641922950745
0.8371559381484985
0.8428899049758911
0.8325688242912292
0.8417431116104126
0.8291284441947937
0.8314220309257507
0.8394495248794556
0.8314220309257507
0.8245412707328796
0.83600914478302
0.8394495248794556
0.8291284441947937
0.853210985660553
0.8405963182449341
0.8153669834136963
0.8279816508293152
0.8302752375602722
0.8256880640983582
0.8268348574638367
0.8291284441947937
0.8348624110221863
0.8337156176567078
0.8325688242912292
0.8371559381484985
0.8417431116104126
0.8245412707328796
0.8337156176567078
0.8256880640983582
0.8314220309257507
0.8394495248794556
0.8440366983413696
0.838302731513977
0.838302731513977
0.8394495248794556
0.838302731513977
0.8451834917068481
0.8405963182449341
0.8348624110221863
0.8371559381484985
0.8440366983413696
0.8337156176567078
0.8428899049758911
0.83600914478302
0.8337156176567078
0.8302752375602722
0.8256880640983582
0.8279816508293152
0.8279816508293152
0.8233944773674011
0.838302731513977
0.8394495248794556
0.8428899049758911
0.8394495248794556
0.8291284441947937
0.838302731513977
0.8142201900482178
0.8440366983413696
0.8314220309257507
0.83600914478302
0.8405963182449341
0.8325688242912292
0.8440366983413696
0.8440366983413696
0.83600914478302
0.8256880640983582
0.8279816508293152
0.8371559381484985
0.8233944773674011
0.8302752375602722
0.8417431116104126
0.83600914478302
0.8371559381484985
0.8291284441947937
0.8428899049758911
0.8233944773674011
0.8405963182449341
0.8417431116104126
0.83600914478302
0.8417431116104126
0.8337156176567078
0.8486238718032837
0.8371559381484985
0.8245412707328796
0.8394495248794556
0.8256880640983582
0.8394495248794556
0.8337156176567078
0.8291284441947937
0.8463302850723267
0.8417431116104126
0.8394495248794556
0.83600914478302
0.8279816508293152
0.8256880640983582
0.8543577790260315
0.83600914478302
0.83600914478302
0.8405963182449341
0.838302731513977
0.8371559381484985
0.8451834917068481
0.8279816508293152
0.8371559381484985
0.8463302850723267
0.8291284441947937
0.8428899049758911
0.8302752375602722
0.8451834917068481
0.8176605701446533
0.8348624110221863
0.8371559381484985
0.83600914478302
0.857798159122467
0.8371559381484985
0.8394495248794556
0.8325688242912292
0.8233944773674011
0.838302731513977
0.8509174585342407
0.8394495248794556
0.8279816508293152
0.8302752375602722
0.8302752375602722
0.8245412707328796
0.8245412707328796
0.8291284441947937
0.838302731513977
0.8268348574638367
0.8325688242912292
0.8268348574638367
0.8463302850723267
0.8394495248794556
0.8268348574638367
0.8245412707328796
0.8245412707328796
0.8279816508293152
0.8268348574638367
0.8417431116104126
0.8451834917068481
0.8428899049758911
0.8222476840019226
0.8348624110221863
0.8337156176567078
0.8417431116104126
0.8428899049758911
0.8325688242912292
0.8268348574638367
0.8371559381484985
0.8314220309257507
0.8428899049758911
0.8337156176567078
0.8371559381484985
0.8451834917068481
0.8348624110221863
0.8417431116104126
0.8337156176567078
0.8325688242912292
0.8348624110221863
0.8405963182449341
0.8474770784378052
0.8417431116104126
0.83600914478302
0.8440366983413696
0.83600914478302
0.8337156176567078
0.8291284441947937
0.8302752375602722
0.8417431116104126
0.8463302850723267
0.8417431116104126
0.8302752375602722
0.8291284441947937
0.8371559381484985
0.83600914478302
0.838302731513977
0.8405963182449341
0.83600914478302
0.8314220309257507
0.8405963182449341
0.8325688242912292
0.8337156176567078
0.8233944773674011
0.8348624110221863
0.8268348574638367
0.8256880640983582
0.8233944773674011
0.8291284441947937
0.8199541568756104
0.8302752375602722
0.8268348574638367
0.8233944773674011
0.838302731513977
0.8314220309257507
0.8165137767791748
0.8325688242912292
0.8268348574638367
0.838302731513977
0.8268348574638367
0.8233944773674011
0.8394495248794556
0.8337156176567078
0.8302752375602722
0.8268348574638367
0.8325688242912292
0.8279816508293152
0.8371559381484985
0.8405963182449341
0.8279816508293152
0.8486238718032837
0.8394495248794556
0.83600914478302
0.8245412707328796
0.838302731513977
0.8302752375602722
0.8394495248794556
0.838302731513977
0.8337156176567078
0.8314220309257507
0.8302752375602722
0.8325688242912292
0.8211008906364441
0.83600914478302
0.8405963182449341
0.8302752375602722
0.8394495248794556
0.8371559381484985
0.8302752375602722
0.8371559381484985
0.8417431116104126
0.8268348574638367
0.8371559381484985
0.8337156176567078
0.83600914478302
0.83600914478302
0.8325688242912292
0.8394495248794556
0.8348624110221863
0.8314220309257507
0.83600914478302
0.8279816508293152
0.8405963182449341
0.8348624110221863
0.8348624110221863
0.8314220309257507
0.8302752375602722
0.8245412707328796
0.8142201900482178
0.8256880640983582
0.8279816508293152
0.8279816508293152
0.8211008906364441
0.8256880640983582
0.8245412707328796
0.8279816508293152
0.8337156176567078
0.8325688242912292
0.8337156176567078
0.8268348574638367
0.8325688242912292
0.8291284441947937
0.83600914478302
0.8279816508293152
0.83600914478302
0.8291284441947937
0.83600914478302
0.8314220309257507
0.8268348574638367
0.8348624110221863
0.8302752375602722
0.8314220309257507
0.8405963182449341
0.8337156176567078
0.8463302850723267
0.83600914478302
0.8394495248794556
0.8428899049758911
0.8325688242912292
0.8325688242912292
0.8302752375602722
0.8325688242912292
0.8325688242912292
0.8417431116104126
0.8394495248794556
0.8337156176567078
0.8337156176567078
0.8268348574638367
0.8337156176567078
0.8348624110221863
0.8405963182449341
0.8348624110221863
0.8325688242912292
0.8314220309257507
0.8417431116104126
0.8348624110221863
0.8371559381484985
0.8371559381484985
0.8463302850723267
0.8279816508293152
0.8314220309257507
0.8176605701446533
0.8268348574638367
0.8486238718032837
0.8428899049758911
0.8486238718032837
0.8348624110221863
0.838302731513977
0.8245412707328796
0.8279816508293152
0.8314220309257507
0.8279816508293152
0.8417431116104126
0.838302731513977
0.8417431116104126
0.8474770784378052
0.8348624110221863
0.8417431116104126
0.8405963182449341
0.8463302850723267
0.8325688242912292
0.8371559381484985
0.8440366983413696
0.8405963182449341
0.8486238718032837
0.8394495248794556
0.8394495248794556
0.8417431116104126
0.8371559381484985
0.838302731513977
0.8371559381484985
0.8474770784378052
0.83600914478302
0.8405963182449341
0.8394495248794556
0.8474770784378052
0.8474770784378052
0.8211008906364441
0.8337156176567078
0.8451834917068481
0.8405963182449341
0.8440366983413696
0.8428899049758911
0.8509174585342407
0.8474770784378052
0.8371559381484985
0.8405963182449341
0.8486238718032837
0.8440366983413696
0.8256880640983582
0.8417431116104126
0.8486238718032837
0.8302752375602722
0.8394495248794556
0.8348624110221863
0.8463302850723267
0.8348624110221863
0.8394495248794556
0.8394495248794556
0.838302731513977
0.8417431116104126
0.8405963182449341
0.83600914478302
0.8302752375602722
0.8371559381484985
0.8314220309257507
0.838302731513977
0.8314220309257507
0.8417431116104126
0.8486238718032837
0.8302752375602722
0.8314220309257507
0.83600914478302
0.8337156176567078
0.8417431116104126
0.8325688242912292
0.838302731513977
0.8428899049758911
0.83600914478302
0.8348624110221863
0.8371559381484985
0.8348624110221863
0.8394495248794556
0.838302731513977
0.8405963182449341
0.838302731513977
0.838302731513977
0.8440366983413696
0.8314220309257507
0.8417431116104126
0.8417431116104126
0.8463302850723267
0.8394495248794556
0.8440366983413696
0.83600914478302
0.83600914478302
0.8337156176567078
0.8428899049758911
0.8291284441947937
0.8325688242912292
0.8371559381484985
0.8291284441947937
0.8279816508293152
0.8291284441947937
0.838302731513977
0.8371559381484985
0.8302752375602722
0.8428899049758911
0.8348624110221863
0.8302752375602722
0.8314220309257507
0.8440366983413696
0.8371559381484985
0.8405963182449341
0.8348624110221863
0.8279816508293152
0.8279816508293152
0.838302731513977
0.8314220309257507
0.8428899049758911
0.838302731513977
0.83600914478302
0.8394495248794556
0.8337156176567078
0.8348624110221863
0.8394495248794556
0.8428899049758911
0.8325688242912292
0.8337156176567078
0.8371559381484985
0.8440366983413696
0.83600914478302
0.8325688242912292
0.8256880640983582
0.8371559381484985
0.8314220309257507
0.8302752375602722
0.8291284441947937
0.8233944773674011
0.8268348574638367
0.8348624110221863
0.8337156176567078
0.8325688242912292
0.8337156176567078
0.8337156176567078
0.8268348574638367
0.8302752375602722
0.8348624110221863
0.8405963182449341
0.8314220309257507
0.838302731513977
0.8371559381484985
0.8348624110221863
0.8394495248794556
0.8405963182449341
0.8348624110221863
0.83600914478302
0.83600914478302
0.8394495248794556
0.8314220309257507
0.8394495248794556
0.838302731513977
0.8428899049758911
0.8279816508293152
0.8371559381484985
0.83600914478302
0.8279816508293152
0.838302731513977
0.8348624110221863
0.8428899049758911
0.8497706651687622
0.8405963182449341
0.8417431116104126
0.8417431116104126
0.83600914478302
0.8405963182449341
0.8405963182449341
0.8440366983413696
0.8302752375602722
0.8233944773674011
0.8394495248794556
0.8371559381484985
0.8451834917068481
0.8176605701446533
0.8394495248794556
0.8188073635101318
0.83600914478302
0.8463302850723267
0.838302731513977
0.8371559381484985
0.8337156176567078
0.8314220309257507
0.8233944773674011
0.8279816508293152
0.8233944773674011
0.8371559381484985
0.8268348574638367
0.83600914478302
0.8348624110221863
0.8428899049758911
0.8371559381484985
0.8371559381484985
0.8371559381484985
0.8474770784378052
0.8371559381484985
0.8348624110221863
0.8428899049758911
0.8302752375602722
0.8451834917068481
0.8520641922950745
0.8451834917068481
0.8428899049758911
0.8428899049758911
0.8463302850723267
0.8486238718032837
0.8440366983413696
0.8463302850723267
0.83600914478302
0.8314220309257507
0.8302752375602722
0.8325688242912292
0.8337156176567078
0.8325688242912292
0.838302731513977
0.8337156176567078
0.8314220309257507
0.8405963182449341
0.8199541568756104
0.8394495248794556
0.8314220309257507
0.8302752375602722
0.8325688242912292
0.8348624110221863
0.8428899049758911
0.8348624110221863
0.8348624110221863
0.8405963182449341
0.83600914478302
0.8302752375602722
0.8291284441947937
0.8291284441947937
0.8394495248794556
0.8337156176567078
0.8314220309257507
0.8314220309257507
0.8405963182449341
0.8405963182449341
0.8405963182449341
0.8497706651687622
0.8371559381484985
0.8314220309257507
0.8394495248794556
0.8325688242912292
0.8337156176567078
0.8337156176567078
0.8302752375602722
0.8348624110221863
0.8268348574638367
0.8337156176567078
0.8417431116104126
0.838302731513977
0.8371559381484985
0.8394495248794556
0.8440366983413696
0.8233944773674011
0.8394495248794556
0.8256880640983582
0.8371559381484985
0.8371559381484985
0.838302731513977
0.8325688242912292
0.8405963182449341
0.8440366983413696
0.8279816508293152
0.8314220309257507
0.8371559381484985
0.8348624110221863
0.8394495248794556
0.8348624110221863
0.8337156176567078
0.8268348574638367
0.8337156176567078
0.8348624110221863
0.8153669834136963
0.8451834917068481
0.8348624110221863
0.838302731513977
0.8451834917068481
0.8337156176567078
0.853210985660553
0.8302752375602722
0.8405963182449341
0.8314220309257507
0.8417431116104126
0.8428899049758911
0.8394495248794556
0.8371559381484985
0.8337156176567078
0.8314220309257507
0.8463302850723267
0.8279816508293152
0.8394495248794556
0.8417431116104126
0.8463302850723267
0.838302731513977
0.853210985660553
0.8474770784378052
0.8371559381484985
0.8394495248794556
0.8394495248794556
0.8371559381484985
0.8417431116104126
0.8417431116104126
0.8394495248794556
0.8440366983413696
0.8440366983413696
0.8497706651687622
0.8440366983413696
0.8451834917068481
0.8440366983413696
0.8451834917068481
0.8474770784378052
0.8394495248794556
0.8417431116104126
0.8451834917068481
0.8417431116104126
0.8417431116104126
0.8497706651687622
0.838302731513977
0.8497706651687622
0.8451834917068481
0.8394495248794556
0.8486238718032837
0.8371559381484985
0.8405963182449341
0.8520641922950745
0.8405963182449341
0.8440366983413696
0.8463302850723267
0.8486238718032837
0.8509174585342407
0.8394495248794556
0.8371559381484985
0.8474770784378052
0.8451834917068481
0.838302731513977
0.8405963182449341
0.8302752375602722
0.8314220309257507
0.8348624110221863
0.8325688242912292
0.8405963182449341
0.8348624110221863
0.8371559381484985
0.838302731513977
0.8337156176567078
0.8371559381484985
0.8394495248794556
0.838302731513977
0.8325688242912292
0.8451834917068481
0.8405963182449341
0.8451834917068481
0.8394495248794556
0.8394495248794556
0.8337156176567078
0.8371559381484985
0.8405963182449341
0.83600914478302
0.8279816508293152
0.838302731513977
0.83600914478302
0.8394495248794556
0.8417431116104126
0.8371559381484985
0.8337156176567078
0.8405963182449341
0.8428899049758911
0.8371559381484985
0.8371559381484985
0.8348624110221863
0.8337156176567078
0.8268348574638367
0.83600914478302
0.8371559381484985
0.8394495248794556
0.8314220309257507
0.8337156176567078
0.83600914478302
0.8291284441947937
0.8337156176567078
0.8405963182449341
0.8520641922950745
0.8394495248794556
0.838302731513977
0.8371559381484985
0.8279816508293152
0.8405963182449341
0.8394495248794556
0.8348624110221863
0.8440366983413696
0.8256880640983582
0.8451834917068481
0.8394495248794556
0.83600914478302
0.8451834917068481
0.838302731513977
0.8428899049758911
0.8371559381484985
0.8314220309257507
0.8314220309257507
0.8394495248794556
0.838302731513977
0.83600914478302
0.8245412707328796
0.83600914478302
0.8314220309257507
0.8337156176567078
0.8279816508293152
0.8394495248794556
0.838302731513977
0.8337156176567078
0.8314220309257507
0.8405963182449341
0.8325688242912292
0.8325688242912292
0.83600914478302
0.83600914478302
0.83600914478302
0.83600914478302
0.8337156176567078
0.83600914478302
0.8314220309257507
0.83600914478302
0.8245412707328796
0.8325688242912292
0.8302752375602722
0.8302752375602722
0.8337156176567078
0.8325688242912292
0.8405963182449341
0.8314220309257507
0.8325688242912292
0.8302752375602722
0.8371559381484985
0.8314220309257507
0.8394495248794556
0.8405963182449341
0.8348624110221863
0.8348624110221863
0.8417431116104126
0.8325688242912292
0.8291284441947937
0.8256880640983582
0.8302752375602722
0.8325688242912292
0.8314220309257507
0.8256880640983582
0.8337156176567078
0.8405963182449341
0.8325688242912292
0.8325688242912292
0.8348624110221863
0.8291284441947937
0.8337156176567078
0.8337156176567078
0.8417431116104126
0.8417431116104126
0.8337156176567078
0.8394495248794556
0.8222476840019226
0.8497706651687622
0.8291284441947937
0.8245412707328796
0.8371559381484985
0.8405963182449341
0.8302752375602722
0.8245412707328796
0.8314220309257507
0.8394495248794556
0.8291284441947937
0.8188073635101318
0.8348624110221863
0.8325688242912292
0.8279816508293152
0.8337156176567078
0.8302752375602722
0.838302731513977
0.838302731513977
0.8199541568756104
0.8325688242912292
0.8325688242912292
0.8314220309257507
0.8245412707328796
0.8302752375602722
0.8405963182449341
0.8348624110221863
0.8337156176567078
0.8302752375602722
0.8325688242912292
0.8337156176567078
0.8302752375602722
0.8314220309257507
0.8371559381484985
0.8302752375602722
0.8291284441947937
0.8314220309257507
0.8337156176567078
0.8405963182449341
0.8394495248794556
0.8325688242912292
0.8337156176567078
0.8302752375602722
0.8314220309257507
0.8314220309257507
0.8337156176567078
0.8291284441947937
0.8302752375602722
0.8451834917068481
0.8428899049758911
0.8394495248794556
0.8451834917068481
0.8394495248794556
0.8417431116104126
0.8394495248794556
0.8428899049758911
0.8371559381484985
0.8474770784378052
0.8314220309257507
0.8337156176567078
0.83600914478302
0.8405963182449341
0.8371559381484985
0.8348624110221863
0.8417431116104126
0.8325688242912292
0.838302731513977
0.8302752375602722
0.8371559381484985
0.8371559381484985
0.8337156176567078
0.8325688242912292
0.8394495248794556
0.83600914478302
0.8371559381484985
0.8394495248794556
0.8371559381484985
0.8245412707328796
0.8325688242912292
0.8302752375602722
0.8314220309257507
0.8233944773674011
0.8371559381484985
0.8279816508293152
0.8291284441947937
0.8256880640983582
0.8142201900482178
0.8268348574638367
0.8245412707328796
0.83600914478302
0.8302752375602722
0.8337156176567078
0.838302731513977
0.8302752375602722
0.8314220309257507
0.8268348574638367
0.8371559381484985
0.8405963182449341
0.83600914478302
0.8394495248794556
0.8348624110221863
0.8325688242912292
0.8314220309257507
0.83600914478302
0.8291284441947937
0.83600914478302
0.83600914478302
0.8337156176567078
0.8337156176567078
0.8302752375602722
0.8394495248794556
0.8233944773674011
0.8302752375602722
0.8314220309257507
0.8394495248794556
0.8325688242912292
0.838302731513977
0.8325688242912292
0.8325688242912292
0.8314220309257507
0.8268348574638367
0.8314220309257507
0.8337156176567078
0.8245412707328796
0.8279816508293152
0.8096330165863037
0.8314220309257507
0.838302731513977
0.8188073635101318
0.8222476840019226
0.8325688242912292
0.838302731513977
0.8279816508293152
0.8314220309257507
0.8371559381484985
0.8394495248794556
0.8302752375602722
0.8302752375602722
0.8302752375602722
0.8256880640983582
0.8337156176567078
0.8371559381484985
0.83600914478302
0.8291284441947937
0.8325688242912292
0.8302752375602722
0.8291284441947937
0.8291284441947937
0.8291284441947937
0.8245412707328796
0.8256880640983582
0.8337156176567078
0.838302731513977
0.8268348574638367
0.8233944773674011
0.8348624110221863
0.83600914478302
0.8211008906364441
0.8268348574638367
0.8268348574638367
0.8279816508293152
0.8302752375602722
0.8314220309257507
0.8222476840019226
0.8153669834136963
0.8279816508293152
0.8268348574638367
0.8337156176567078
0.8233944773674011
0.8302752375602722
0.8302752375602722
0.8440366983413696
0.838302731513977
0.8233944773674011
0.8417431116104126
0.8325688242912292
0.8405963182449341
0.8405963182449341
0.8314220309257507
0.8291284441947937
0.8302752375602722
0.8302752375602722
0.8176605701446533
0.8211008906364441
0.8256880640983582
0.8222476840019226
0.8291284441947937
0.8279816508293152
0.8314220309257507
0.8302752375602722
0.8222476840019226
0.8325688242912292
0.8279816508293152
0.8291284441947937
0.8394495248794556
0.8302752375602722
0.8440366983413696
0.8325688242912292
0.83600914478302
0.8371559381484985
0.8268348574638367
0.8417431116104126
0.8130733966827393
0.8394495248794556
0.8337156176567078
0.8348624110221863
0.8256880640983582
0.83600914478302
0.8348624110221863
0.8325688242912292
0.8268348574638367
0.8314220309257507
0.8268348574638367
0.8314220309257507
0.8233944773674011
0.8417431116104126
0.8337156176567078
0.8314220309257507
0.8279816508293152
0.8314220309257507
0.8268348574638367
0.8279816508293152
0.8302752375602722
0.838302731513977
0.8302752375602722
0.838302731513977
0.8337156176567078
0.8165137767791748
0.8302752375602722
0.8325688242912292
0.838302731513977
0.8337156176567078
0.8279816508293152
0.8440366983413696
0.8348624110221863
0.8337156176567078
0.8256880640983582
0.8302752375602722
0.8302752375602722
0.8302752375602722
0.83600914478302
0.8337156176567078
0.8371559381484985
0.8348624110221863
0.8348624110221863
0.8302752375602722
0.8268348574638367
0.8268348574638367
0.838302731513977
0.8325688242912292
0.8199541568756104
0.8211008906364441
0.8165137767791748
0.8268348574638367
0.8302752375602722
0.8325688242912292
0.8302752375602722
0.8325688242912292
0.8256880640983582
0.8314220309257507
0.8348624110221863
0.83600914478302
0.838302731513977
0.8222476840019226
0.8325688242912292
0.838302731513977
0.8279816508293152
0.8279816508293152
0.8417431116104126
0.8371559381484985
0.8314220309257507
0.8451834917068481
0.8245412707328796
0.8211008906364441
0.8165137767791748
0.8417431116104126
0.83600914478302
0.8417431116104126
0.8314220309257507
0.8337156176567078
0.8428899049758911
0.8371559381484985
0.8405963182449341
0.83600914478302
0.83600914478302
0.8394495248794556
0.83600914478302
0.8279816508293152
0.8302752375602722
0.8428899049758911
0.8486238718032837
0.8302752375602722
0.83600914478302
0.8325688242912292
0.8428899049758911
0.8417431116104126
0.83600914478302
0.8405963182449341
0.8394495248794556
0.8337156176567078
0.8371559381484985
0.838302731513977
0.8325688242912292
0.8348624110221863
0.8348624110221863
0.8268348574638367
0.8348624110221863
0.8314220309257507
0.8302752375602722
0.8268348574638367
0.8314220309257507
0.8233944773674011
0.8279816508293152
0.8291284441947937
0.8337156176567078
0.8291284441947937
0.8325688242912292
0.8302752375602722
0.8348624110221863
0.8314220309257507
0.8325688242912292
0.838302731513977
0.8314220309257507
0.8348624110221863
0.8428899049758911
0.8302752375602722
0.838302731513977
0.8325688242912292
0.8371559381484985
0.8348624110221863
0.8337156176567078
0.8279816508293152
0.8291284441947937
0.8302752375602722
0.8268348574638367
0.8348624110221863
0.8428899049758911
0.8233944773674011
0.8256880640983582
0.8291284441947937
0.8371559381484985
0.8371559381484985
0.8337156176567078
0.8440366983413696
0.8440366983413696
0.8268348574638367
0.83600914478302
0.8325688242912292
0.8348624110221863
0.8291284441947937
0.8268348574638367
0.838302731513977
0.8325688242912292
0.8337156176567078
0.8371559381484985
0.8314220309257507
0.8302752375602722
0.8371559381484985
0.8302752375602722
0.8233944773674011
0.8245412707328796
0.8199541568756104
0.8211008906364441
0.8268348574638367
0.8371559381484985
0.8314220309257507
0.8268348574638367
0.8325688242912292
0.8245412707328796
0.8279816508293152
0.8314220309257507
0.8371559381484985
0.83600914478302
0.8348624110221863
0.8405963182449341
0.8314220309257507
0.8153669834136963
0.8256880640983582
0.8211008906364441
0.8233944773674011
0.8245412707328796
0.8314220309257507
0.8337156176567078
0.8222476840019226
0.8279816508293152
0.8314220309257507
0.8199541568756104
0.8176605701446533
0.8233944773674011
0.8268348574638367
0.8176605701446533
0.8268348574638367
0.83600914478302
0.8279816508293152
0.8314220309257507
0.8165137767791748
0.8245412707328796
0.8291284441947937
0.8337156176567078
0.8291284441947937
0.8348624110221863
0.8302752375602722
0.8337156176567078
0.8291284441947937
0.8268348574638367
0.8348624110221863
0.8256880640983582
0.8394495248794556
0.8314220309257507
0.8325688242912292
0.8440366983413696
0.8371559381484985
0.8348624110221863
0.8474770784378052
0.8440366983413696
0.838302731513977
0.8325688242912292
0.8325688242912292
0.838302731513977
0.8474770784378052
0.83600914478302
0.8394495248794556
0.8279816508293152
0.8337156176567078
0.8371559381484985
0.838302731513977
0.838302731513977
0.8256880640983582
0.8405963182449341
0.8405963182449341
0.8291284441947937
0.83600914478302
0.8325688242912292
0.83600914478302
0.83600914478302
0.8440366983413696
0.8302752375602722
0.8233944773674011
0.8256880640983582
0.8291284441947937
0.8291284441947937
0.83600914478302
0.8394495248794556
0.8371559381484985
0.8268348574638367
0.8302752375602722
0.8291284441947937
0.8291284441947937
0.8348624110221863
0.8417431116104126
0.8348624110221863
0.8314220309257507
0.8325688242912292
0.8291284441947937
0.8302752375602722
0.8302752375602722
0.8348624110221863
0.8314220309257507
0.8256880640983582
0.8474770784378052
0.8233944773674011
0.8371559381484985
0.8325688242912292
0.8405963182449341
0.83600914478302
0.838302731513977
0.8325688242912292
0.8428899049758911
0.8337156176567078
0.8337156176567078
0.8371559381484985
0.8291284441947937
0.8211008906364441
0.8451834917068481
0.8394495248794556
0.8302752375602722
0.83600914478302
0.8291284441947937
0.8314220309257507
0.8222476840019226
0.838302731513977
0.838302731513977
0.83600914478302
0.8371559381484985
0.8394495248794556
0.83600914478302
0.8245412707328796
0.8405963182449341
0.8440366983413696
0.83600914478302
0.8417431116104126
0.83600914478302
0.8302752375602722
0.8474770784378052
0.8451834917068481
0.8405963182449341
0.8405963182449341
0.83600914478302
0.8268348574638367
0.8337156176567078
0.8394495248794556
0.8348624110221863
0.8371559381484985
0.8325688242912292
0.8337156176567078
0.8337156176567078
0.838302731513977
0.8256880640983582
0.83600914478302
0.8371559381484985
0.8279816508293152
0.8291284441947937
0.838302731513977
0.83600914478302
0.8337156176567078
0.83600914478302
0.8256880640983582
0.8302752375602722
0.8394495248794556
0.8268348574638367
0.8325688242912292
0.8371559381484985
0.8291284441947937
0.8405963182449341
0.8348624110221863
0.8417431116104126
0.83600914478302
0.8337156176567078
0.8325688242912292
0.83600914478302
0.8337156176567078
0.8291284441947937
0.8279816508293152
0.8245412707328796
0.8371559381484985
0.83600914478302
0.8325688242912292
0.8417431116104126
0.8405963182449341
0.8279816508293152
0.8256880640983582
0.8337156176567078
0.8348624110221863
0.838302731513977
0.8440366983413696
0.8428899049758911
0.8268348574638367
0.8348624110221863
0.8428899049758911
0.83600914478302
0.8451834917068481
0.8497706651687622
0.8211008906364441
0.83600914478302
0.8440366983413696
0.8428899049758911
0.8371559381484985
0.8428899049758911
0.8325688242912292
0.8291284441947937
0.8394495248794556
0.8497706651687622
0.8325688242912292
0.8337156176567078
0.8394495248794556
0.83600914478302
0.8279816508293152
0.8405963182449341
0.8176605701446533
0.838302731513977
0.8337156176567078
0.838302731513977
0.8348624110221863
0.8394495248794556
0.838302731513977
0.8371559381484985
0.8165137767791748
0.838302731513977
0.8302752375602722
0.8337156176567078
0.8405963182449341
0.8348624110221863
0.838302731513977
0.8279816508293152
0.8371559381484985
0.8268348574638367
0.8325688242912292
0.8337156176567078
0.8371559381484985
0.8325688242912292
0.838302731513977
0.8451834917068481
0.8497706651687622
0.838302731513977
0.8428899049758911
0.8291284441947937
0.8405963182449341
0.8371559381484985
0.8337156176567078
0.8486238718032837
0.8417431116104126
0.83600914478302
0.8348624110221863
0.8325688242912292
0.83600914478302
0.8268348574638367
0.8325688242912292
0.8314220309257507
0.8371559381484985
0.8405963182449341
0.8440366983413696
0.8417431116104126
0.8405963182449341
0.8256880640983582
0.83600914478302
0.8474770784378052
0.8302752375602722
0.8245412707328796
0.83600914478302
0.8417431116104126
0.8371559381484985
0.8314220309257507
0.8371559381484985
0.8325688242912292
0.8314220309257507
0.8279816508293152
0.8268348574638367
0.8268348574638367
0.8325688242912292
0.8188073635101318
0.8371559381484985
0.8279816508293152
0.8268348574638367
0.8211008906364441
0.8348624110221863
0.8348624110221863
0.8325688242912292
0.8176605701446533
0.8325688242912292
0.8188073635101318
0.8348624110221863
0.8428899049758911
0.8325688242912292
0.8337156176567078
0.8268348574638367
0.8405963182449341
0.8302752375602722
0.8417431116104126
0.8302752375602722
0.8440366983413696
0.8417431116104126
0.8211008906364441
0.8337156176567078
0.8440366983413696
0.8302752375602722
0.8417431116104126
0.838302731513977
0.8291284441947937
0.8211008906364441
0.8211008906364441
0.8245412707328796
0.8256880640983582
0.8314220309257507
0.8268348574638367
0.8325688242912292
0.8348624110221863
0.8348624110221863
0.8256880640983582
0.8371559381484985
0.8325688242912292
0.8222476840019226
0.8199541568756104
0.8291284441947937
0.83600914478302
0.8325688242912292
0.8474770784378052
0.8279816508293152
0.83600914478302
0.8314220309257507
0.838302731513977
0.8371559381484985
0.8337156176567078
0.8451834917068481
0.8371559381484985
0.8451834917068481
0.8337156176567078
0.8428899049758911
0.8417431116104126
0.8348624110221863
0.8394495248794556
0.83600914478302
0.8417431116104126
0.8325688242912292
0.8314220309257507
0.8371559381484985
0.8314220309257507
0.8302752375602722
0.8279816508293152
0.8314220309257507
0.8325688242912292
0.8440366983413696
0.8302752375602722
0.8440366983413696
0.8337156176567078
0.8348624110221863
0.8463302850723267
0.8222476840019226
0.8428899049758911
0.8302752375602722
0.8233944773674011
0.8440366983413696
0.8337156176567078
0.838302731513977
0.8314220309257507
0.8325688242912292
0.8314220309257507
0.838302731513977
0.8394495248794556
0.8405963182449341
0.838302731513977
0.8497706651687622
0.8394495248794556
0.83600914478302
0.8417431116104126
0.8325688242912292
0.8428899049758911
0.8405963182449341
0.8371559381484985
0.8428899049758911
0.8348624110221863
0.8291284441947937
0.8302752375602722
0.8279816508293152
0.83600914478302
0.8314220309257507
0.8222476840019226
0.83600914478302
0.8371559381484985
0.8314220309257507
0.8279816508293152
0.83600914478302
0.8302752375602722
0.8325688242912292
0.8348624110221863
0.8325688242912292
0.8325688242912292
0.838302731513977
0.8394495248794556
0.8348624110221863
0.838302731513977
0.8337156176567078
0.8394495248794556
0.8291284441947937
0.8348624110221863
0.838302731513977
0.83600914478302
0.8222476840019226
0.83600914478302
0.83600914478302
0.8405963182449341
0.838302731513977
0.8348624110221863
0.8371559381484985
0.8211008906364441
0.8233944773674011
0.83600914478302
0.8394495248794556
0.8314220309257507
0.8302752375602722
0.8222476840019226
0.8233944773674011
0.8256880640983582
0.8302752375602722
0.8256880640983582
0.8348624110221863
0.8371559381484985
0.8405963182449341
0.8188073635101318
0.83600914478302
0.8405963182449341
0.8394495248794556
0.83600914478302
0.838302731513977
0.8337156176567078
0.8394495248794556
0.8291284441947937
0.83600914478302
0.8325688242912292
0.8268348574638367
0.83600914478302
0.8279816508293152
0.8211008906364441
0.8233944773674011
0.8279816508293152
0.8302752375602722
0.8268348574638367
0.8417431116104126
0.8291284441947937
0.8314220309257507
0.8176605701446533
0.83600914478302
0.8233944773674011
0.8279816508293152
0.8268348574638367
0.8233944773674011
0.8279816508293152
0.8302752375602722
0.8394495248794556
0.8302752375602722
0.8256880640983582
0.8291284441947937
0.8314220309257507
0.8256880640983582
0.8256880640983582
0.8279816508293152
0.8291284441947937
0.8337156176567078
0.8291284441947937
0.8348624110221863
0.8348624110221863
0.8394495248794556
0.8337156176567078
0.838302731513977
0.83600914478302
0.8405963182449341
0.8371559381484985
0.8337156176567078
0.838302731513977
0.83600914478302
0.8405963182449341
0.8314220309257507
0.8405963182449341
0.8314220309257507
0.8405963182449341
0.8348624110221863
0.8348624110221863
0.8371559381484985
0.83600914478302
0.8291284441947937
0.83600914478302
0.8337156176567078
0.8417431116104126
0.83600914478302
0.8440366983413696
0.838302731513977
0.8405963182449341
0.8348624110221863
0.8440366983413696
0.8348624110221863
0.8337156176567078
0.8371559381484985
0.8474770784378052
0.838302731513977
0.8474770784378052
0.8348624110221863
0.8451834917068481
0.8417431116104126
0.83600914478302
0.838302731513977
0.8394495248794556
0.8405963182449341
0.838302731513977
0.8348624110221863
0.8405963182449341
0.8394495248794556
0.8314220309257507
0.8302752375602722
0.8245412707328796
0.8291284441947937
0.8279816508293152
0.838302731513977
0.8394495248794556
0.8405963182449341
0.8279816508293152
0.8245412707328796
0.8337156176567078
0.8314220309257507
0.838302731513977
0.8314220309257507
0.8348624110221863
0.8394495248794556
0.8371559381484985
0.8314220309257507
0.8325688242912292
0.8314220309257507
0.83600914478302
0.8279816508293152
0.8314220309257507
0.8325688242912292
0.8256880640983582
0.8302752375602722
0.8314220309257507
0.8314220309257507
0.8222476840019226
0.8394495248794556
0.8291284441947937
0.8325688242912292
0.8394495248794556
0.8394495248794556
0.8371559381484985
0.838302731513977
0.8291284441947937
0.8371559381484985
0.8268348574638367
0.8279816508293152
0.8245412707328796
0.8325688242912292
0.8302752375602722
0.8337156176567078
0.8371559381484985
0.8348624110221863
0.8279816508293152
0.8268348574638367
0.8348624110221863
0.8348624110221863
0.8245412707328796
0.8348624110221863
0.838302731513977
0.8291284441947937
0.8291284441947937
0.8302752375602722
0.83600914478302
0.8337156176567078
0.8371559381484985
0.8337156176567078
0.8337156176567078
0.8291284441947937
0.8211008906364441
0.8256880640983582
0.8337156176567078
0.838302731513977
0.8314220309257507
0.8348624110221863
0.8279816508293152
0.8325688242912292
0.8314220309257507
0.8337156176567078
0.8371559381484985
0.8337156176567078
0.8348624110221863
0.8337156176567078
0.8371559381484985
0.8417431116104126
0.8440366983413696
0.8279816508293152
0.838302731513977
0.8348624110221863
0.8302752375602722
0.8302752375602722
0.8394495248794556
0.838302731513977
0.8302752375602722
0.83600914478302
0.8371559381484985
0.8314220309257507
0.8302752375602722
0.8440366983413696
0.8440366983413696
0.8314220309257507
0.8371559381484985
0.838302731513977
0.838302731513977
0.838302731513977
0.8463302850723267
0.8325688242912292
0.8474770784378052
0.838302731513977
0.8417431116104126
0.8428899049758911
0.8394495248794556
0.8417431116104126
0.8394495248794556
0.838302731513977
0.83600914478302
0.8371559381484985
0.8440366983413696
0.8417431116104126
0.8428899049758911
0.8337156176567078
0.8348624110221863
0.838302731513977
0.8314220309257507
0.8325688242912292
0.8325688242912292
0.8394495248794556
0.8348624110221863
0.8405963182449341
0.8371559381484985
0.838302731513977
0.83600914478302
0.83600914478302
0.8417431116104126
0.8371559381484985
0.8325688242912292
0.838302731513977
0.8394495248794556
0.8348624110221863
0.8417431116104126
0.8337156176567078
0.8371559381484985
0.8337156176567078
0.8428899049758911
0.8394495248794556
0.8348624110221863
0.8405963182449341
0.8417431116104126
0.8405963182449341
0.838302731513977
0.8405963182449341
0.838302731513977
0.8417431116104126
0.8371559381484985
0.8405963182449341
0.8428899049758911
0.8314220309257507
0.8256880640983582
0.8325688242912292
0.83600914478302
0.8394495248794556
0.8451834917068481
0.8428899049758911
0.8371559381484985
0.8314220309257507
0.8405963182449341
0.8463302850723267
0.8405963182449341
0.8348624110221863
0.8325688242912292
0.8440366983413696
0.8463302850723267
0.8394495248794556
0.8451834917068481
0.8440366983413696
0.8405963182449341
0.8428899049758911
0.838302731513977
0.8371559381484985
0.83600914478302
0.838302731513977
0.8325688242912292
0.8394495248794556
0.8337156176567078
0.838302731513977
0.8451834917068481
0.8394495248794556
0.8314220309257507
0.8394495248794556
0.8394495248794556
0.8371559381484985
0.8337156176567078
0.8348624110221863
0.8325688242912292
0.8371559381484985
0.8279816508293152
0.8291284441947937
0.8371559381484985
0.8302752375602722
0.8394495248794556
0.8405963182449341
0.8394495248794556
0.8348624110221863
0.8440366983413696
0.8451834917068481
0.8405963182449341
0.83600914478302
0.8394495248794556
0.8337156176567078
0.838302731513977
0.83600914478302
0.8337156176567078
0.8337156176567078
0.838302731513977
0.8405963182449341
0.8337156176567078
0.8348624110221863
0.8337156176567078
0.8302752375602722
0.8279816508293152
0.8314220309257507
0.8325688242912292
0.8314220309257507
0.8268348574638367
0.8348624110221863
0.83600914478302
0.8348624110221863
0.8405963182449341
0.83600914478302
0.8405963182449341
0.838302731513977
0.8348624110221863
0.8314220309257507
0.8291284441947937
0.8348624110221863
0.8337156176567078
0.8268348574638367
0.8405963182449341
0.8417431116104126
0.8417431116104126
0.8428899049758911
0.8371559381484985
0.8371559381484985
0.8291284441947937
0.8302752375602722
0.8279816508293152
0.8394495248794556
0.8314220309257507
0.8348624110221863
0.8337156176567078
0.8348624110221863
0.8371559381484985
0.8394495248794556
0.8302752375602722
0.8268348574638367
0.83600914478302
0.8302752375602722
0.8325688242912292
0.8268348574638367
0.8325688242912292
0.8245412707328796
0.8268348574638367
0.8165137767791748
0.8176605701446533
0.8325688242912292
0.8233944773674011
0.8245412707328796
0.8199541568756104
0.8233944773674011
0.8371559381484985
0.8325688242912292
0.8337156176567078
0.8337156176567078
0.8302752375602722
0.8405963182449341
0.8256880640983582
0.8268348574638367
0.8337156176567078
0.8337156176567078
0.8371559381484985
0.8371559381484985
0.8348624110221863
0.8348624110221863
0.8314220309257507
0.8314220309257507
0.8314220309257507
0.838302731513977
0.8325688242912292
0.8279816508293152
0.8348624110221863
0.8245412707328796
0.8325688242912292
0.8337156176567078
0.8325688242912292
0.8371559381484985
0.8302752375602722
0.83600914478302
0.8337156176567078
0.8371559381484985
0.838302731513977
0.8348624110221863
0.8325688242912292
0.8268348574638367
0.8325688242912292
0.8325688242912292
0.8302752375602722
0.838302731513977
0.8371559381484985
0.8348624110221863
0.8268348574638367
0.8302752375602722
0.8337156176567078
0.8245412707328796
0.8268348574638367
0.8337156176567078
0.8314220309257507
0.8337156176567078
0.8325688242912292
0.8279816508293152
0.8337156176567078
0.83600914478302
0.8337156176567078
0.8337156176567078
0.8405963182449341
0.838302731513977
0.8279816508293152
0.8371559381484985
0.83600914478302
0.8348624110221863
0.8394495248794556
0.8428899049758911
0.8302752375602722
0.8337156176567078
0.8348624110221863
0.8371559381484985
0.8291284441947937
0.8256880640983582
0.8314220309257507
0.8256880640983582
0.8302752375602722
0.8371559381484985
0.8394495248794556
0.8268348574638367
0.8394495248794556
0.8325688242912292
0.838302731513977
0.8279816508293152
0.8371559381484985
0.8291284441947937
0.8314220309257507
0.8256880640983582
0.8268348574638367
0.8325688242912292
0.8337156176567078
0.8233944773674011
0.8256880640983582
0.8245412707328796
0.8302752375602722
0.8325688242912292
0.8325688242912292
0.8302752375602722
0.8291284441947937
0.8279816508293152
0.8325688242912292
0.8337156176567078
0.8268348574638367
0.8279816508293152
0.8222476840019226
0.8325688242912292
0.8325688242912292
0.8268348574638367
0.8314220309257507
0.8371559381484985
0.8348624110221863
0.8302752375602722
0.8337156176567078
0.83600914478302
0.8256880640983582
0.8314220309257507
0.8371559381484985
0.83600914478302
0.8325688242912292
0.83600914478302
0.8291284441947937
0.8256880640983582
0.8325688242912292
0.8245412707328796
0.8302752375602722
0.8176605701446533
0.8256880640983582
0.8302752375602722
0.8302752375602722
0.8245412707328796
0.838302731513977
0.8348624110221863
0.83600914478302
0.8314220309257507
0.8245412707328796
0.8279816508293152
0.8279816508293152
0.8268348574638367
0.8337156176567078
0.8405963182449341
0.8291284441947937
0.8314220309257507
0.8233944773674011
0.8337156176567078
0.8245412707328796
0.8222476840019226
0.83600914478302
0.8211008906364441
0.83600914478302
0.8348624110221863
0.8394495248794556
0.83600914478302
0.8440366983413696
0.8279816508293152
0.8394495248794556
0.8394495248794556
0.8302752375602722
0.8279816508293152
0.8245412707328796
0.8302752375602722
0.8302752375602722
0.8394495248794556
0.8348624110221863
0.83600914478302
0.8348624110221863
0.838302731513977
0.8394495248794556
0.8405963182449341
0.838302731513977
0.8417431116104126
0.8417431116104126
0.8417431116104126
0.8394495248794556
0.8268348574638367
0.8348624110221863
0.8291284441947937
0.8417431116104126
0.8279816508293152
0.8222476840019226
0.8348624110221863
0.8245412707328796
0.8302752375602722
0.8371559381484985
0.838302731513977
0.83600914478302
0.8325688242912292
0.838302731513977
0.838302731513977
0.8302752375602722
0.8405963182449341
0.8314220309257507
0.8371559381484985
0.8291284441947937
0.8348624110221863
0.8199541568756104
0.8245412707328796
0.8337156176567078
0.8325688242912292
0.8222476840019226
0.8314220309257507
0.8245412707328796
0.8302752375602722
0.8348624110221863
0.8325688242912292
0.8279816508293152
0.8256880640983582
0.8302752375602722
0.8291284441947937
0.83600914478302
0.8233944773674011
0.8291284441947937
0.8325688242912292
0.8268348574638367
0.8222476840019226
0.8279816508293152
0.8256880640983582
0.8256880640983582
0.8279816508293152
0.8245412707328796
0.8279816508293152
0.8233944773674011
0.8268348574638367
0.8314220309257507
0.8256880640983582
0.8302752375602722
0.8291284441947937
0.8291284441947937
0.8233944773674011
0.8371559381484985
0.8371559381484985
0.8279816508293152
0.8302752375602722
0.8325688242912292
0.8314220309257507
0.8325688242912292
0.8325688242912292
0.8302752375602722
0.8405963182449341
0.8291284441947937
0.8337156176567078
0.8291284441947937
0.8291284441947937
0.8279816508293152
0.8245412707328796
0.8268348574638367
0.8245412707328796
0.8291284441947937
0.8337156176567078
0.8291284441947937
0.8337156176567078
0.8302752375602722
0.8302752375602722
0.8279816508293152
0.8291284441947937
0.8348624110221863
0.8371559381484985
0.83600914478302
0.8245412707328796
0.8314220309257507
0.8233944773674011
0.8371559381484985
0.8245412707328796
0.8337156176567078
0.8279816508293152
0.8325688242912292
0.83600914478302
0.8337156176567078
0.8268348574638367
0.8256880640983582
0.8440366983413696
0.8325688242912292
0.8337156176567078
0.8325688242912292
0.8417431116104126
0.838302731513977
0.8417431116104126
0.8394495248794556
0.83600914478302
0.8337156176567078
0.8348624110221863
0.8417431116104126
0.8394495248794556
0.83600914478302
0.8325688242912292
0.8371559381484985
0.8348624110221863
0.8325688242912292
0.8302752375602722
0.8268348574638367
0.8314220309257507
0.8256880640983582
0.8245412707328796
0.8314220309257507
0.8325688242912292
0.8337156176567078
0.8291284441947937
0.8371559381484985
0.8302752375602722
0.8279816508293152
0.83600914478302
0.8314220309257507
0.8302752375602722
0.8279816508293152
0.8314220309257507
0.8325688242912292
0.8405963182449341
0.8348624110221863
0.8348624110221863
0.8348624110221863
0.83600914478302
0.838302731513977
0.8394495248794556
0.838302731513977
0.8417431116104126
0.838302731513977
0.8405963182449341
0.83600914478302
0.8314220309257507
0.8394495248794556
0.8314220309257507
0.8337156176567078
0.8394495248794556
0.8337156176567078
0.8325688242912292
0.8337156176567078
0.8325688242912292
0.8337156176567078
0.8325688242912292
0.8314220309257507
0.8348624110221863
0.8325688242912292
0.8279816508293152
0.8337156176567078
0.8325688242912292
0.838302731513977
0.8268348574638367
0.8451834917068481
0.8279816508293152
0.8325688242912292
0.8348624110221863
0.8279816508293152
0.8302752375602722
0.8314220309257507
0.8245412707328796
0.8279816508293152
0.8325688242912292
0.8291284441947937
0.8325688242912292
0.8291284441947937
0.8302752375602722
0.8256880640983582
0.8291284441947937
0.8279816508293152
0.8337156176567078
0.8279816508293152
0.8337156176567078
0.8245412707328796
0.8302752375602722
0.8291284441947937
0.8302752375602722
0.8371559381484985
0.8302752375602722
0.8337156176567078
0.8302752375602722
0.8233944773674011
0.8233944773674011
0.8291284441947937
0.8314220309257507
0.8291284441947937
0.8325688242912292
0.83600914478302
0.8291284441947937
0.8245412707328796
0.8371559381484985
0.8279816508293152
0.8348624110221863
0.838302731513977
0.8268348574638367
0.8302752375602722
0.8233944773674011
0.8348624110221863
0.8279816508293152
0.8233944773674011
0.8211008906364441
0.8279816508293152
0.8245412707328796
0.8268348574638367
0.8279816508293152
0.8291284441947937
0.8233944773674011
0.8233944773674011
0.8245412707328796
0.8256880640983582
0.8199541568756104
0.8233944773674011
0.8279816508293152
0.8188073635101318
0.8233944773674011
0.8222476840019226
0.8268348574638367
0.8199541568756104
0.8279816508293152
0.8199541568756104
0.8268348574638367
0.8256880640983582
0.8256880640983582
0.8233944773674011
0.8268348574638367
0.8325688242912292
0.8256880640983582
0.8199541568756104
0.8233944773674011
0.8314220309257507
0.8314220309257507
0.8302752375602722
0.8233944773674011
0.8337156176567078
0.8314220309257507
0.8302752375602722
0.8348624110221863
0.8337156176567078
0.8302752375602722
0.8268348574638367
0.8371559381484985
0.8314220309257507
0.8256880640983582
0.8256880640983582
0.8245412707328796
0.8337156176567078
0.8314220309257507
0.8371559381484985
0.8325688242912292
0.8302752375602722
0.8279816508293152
0.8291284441947937
0.8348624110221863
0.8371559381484985
0.838302731513977
0.8371559381484985
0.83600914478302
0.8268348574638367
0.8302752375602722
0.8325688242912292
0.8256880640983582
0.8268348574638367
0.8268348574638367
0.8314220309257507
0.8256880640983582
0.8256880640983582
0.8245412707328796
0.8256880640983582
0.8233944773674011
0.8199541568756104
0.8256880640983582
0.8211008906364441
0.8291284441947937
0.8337156176567078
0.8337156176567078
0.8302752375602722
0.8314220309257507
0.8291284441947937
0.8279816508293152
0.8256880640983582
0.8291284441947937
0.8302752375602722
0.8256880640983582
0.8291284441947937
0.8199541568756104
0.8222476840019226
0.8302752375602722
0.8211008906364441
0.8302752375602722
0.8268348574638367
0.8256880640983582
0.8337156176567078
0.8314220309257507
0.8279816508293152
0.8279816508293152
0.8279816508293152
0.8302752375602722
0.8279816508293152
0.8268348574638367
0.8268348574638367
0.8302752375602722
0.8337156176567078
0.8314220309257507
0.8348624110221863
0.8337156176567078
0.83600914478302
0.8291284441947937
0.8337156176567078
0.8256880640983582
0.8245412707328796
0.8279816508293152
0.8314220309257507
0.83600914478302
0.8394495248794556
0.8302752375602722
0.8291284441947937
0.8371559381484985
0.8302752375602722
0.83600914478302
0.8291284441947937
0.8279816508293152
0.8268348574638367
0.8325688242912292
0.8348624110221863
0.8245412707328796
0.8325688242912292
0.8291284441947937
0.8256880640983582
0.8245412707328796
0.8325688242912292
0.8337156176567078
0.8325688242912292
0.8314220309257507
0.8325688242912292
0.8291284441947937
0.8245412707328796
0.83600914478302
0.83600914478302
0.8302752375602722
0.8337156176567078
0.8302752375602722
0.8325688242912292
0.8337156176567078
0.8314220309257507
0.8371559381484985
0.8256880640983582
0.8348624110221863
0.8256880640983582
0.8279816508293152
0.8325688242912292
0.8279816508293152
0.83600914478302
0.8314220309257507
0.8337156176567078
0.8348624110221863
0.8325688242912292
0.83600914478302
0.8325688242912292
0.8314220309257507
0.8337156176567078
0.8325688242912292
0.8348624110221863
0.8211008906364441
0.8256880640983582
0.8325688242912292
0.8291284441947937
0.8371559381484985
0.8268348574638367
0.8325688242912292
0.8256880640983582
0.8302752375602722
0.8302752375602722
0.8279816508293152
0.8256880640983582
0.8268348574638367
0.8279816508293152
0.8291284441947937
0.8314220309257507
0.8291284441947937
0.8268348574638367
0.8222476840019226
0.8256880640983582
0.8268348574638367
0.8268348574638367
0.8325688242912292
0.8302752375602722
0.8211008906364441
0.8199541568756104
0.8348624110221863
0.8279816508293152
0.8325688242912292
0.8302752375602722
0.8337156176567078
0.8337156176567078
0.8337156176567078
0.8417431116104126
0.8348624110221863
0.8337156176567078
0.83600914478302
0.8371559381484985
0.8348624110221863
0.8371559381484985
0.8371559381484985
0.8268348574638367
0.8325688242912292
0.8302752375602722
0.8325688242912292
0.8291284441947937
0.8314220309257507
0.8291284441947937
0.8302752375602722
0.8291284441947937
0.8302752375602722
0.8268348574638367
0.8245412707328796
0.8291284441947937
0.8268348574638367
0.83600914478302
0.8268348574638367
0.8348624110221863
0.8279816508293152
0.8211008906364441
0.8314220309257507
0.8325688242912292
0.838302731513977
0.8279816508293152
0.8337156176567078
0.8302752375602722
0.8314220309257507
0.8325688242912292
0.8233944773674011
0.8302752375602722
0.8337156176567078
0.8279816508293152
0.8394495248794556
0.8256880640983582
0.8211008906364441
0.8256880640983582
0.8325688242912292
0.8337156176567078
0.83600914478302
0.8302752375602722
0.8337156176567078
0.8314220309257507
0.8268348574638367
0.8268348574638367
0.83600914478302
0.8245412707328796
0.8291284441947937
0.8325688242912292
0.8268348574638367
0.8245412707328796
0.8337156176567078
0.8348624110221863
0.8279816508293152
0.8302752375602722
0.8279816508293152
0.8279816508293152
0.8302752375602722
0.8302752375602722
0.8337156176567078
0.8302752375602722
0.8256880640983582
0.8302752375602722
0.8291284441947937
0.8325688242912292
0.8233944773674011
0.8199541568756104
0.8233944773674011
0.8256880640983582
0.8314220309257507
0.8291284441947937
0.8325688242912292
0.8337156176567078
0.8291284441947937
0.8222476840019226
0.8256880640983582
0.8314220309257507
0.8302752375602722
0.8325688242912292
0.8325688242912292
0.8245412707328796
0.8279816508293152
0.8348624110221863
0.8325688242912292
0.8348624110221863
0.8279816508293152
0.8314220309257507
0.8279816508293152
0.8279816508293152
0.8302752375602722
0.8233944773674011
0.8222476840019226
0.8325688242912292
0.8348624110221863
0.8279816508293152
0.8291284441947937
0.8291284441947937
0.8199541568756104
0.8302752375602722
0.8268348574638367
0.8314220309257507
0.8291284441947937
0.8245412707328796
0.8233944773674011
0.8268348574638367
0.8279816508293152
0.8245412707328796
0.8199541568756104
0.8279816508293152
0.8211008906364441
0.8256880640983582
0.8302752375602722
0.8302752375602722
0.8314220309257507
0.8291284441947937
0.8302752375602722
0.8268348574638367
0.8279816508293152
0.8291284441947937
0.8291284441947937
0.8256880640983582
0.8291284441947937
0.8302752375602722
0.8337156176567078
0.8302752375602722
0.8268348574638367
0.8268348574638367
0.8268348574638367
0.8256880640983582
0.8302752375602722
0.8314220309257507
0.8302752375602722
0.8291284441947937
0.8256880640983582
0.8245412707328796
0.8279816508293152
0.8337156176567078
0.8325688242912292
0.8291284441947937
0.8279816508293152
0.8302752375602722
0.8279816508293152
0.8176605701446533
0.8268348574638367
0.8245412707328796
0.8302752375602722
0.8256880640983582
0.8371559381484985
0.8302752375602722
0.8233944773674011
0.8279816508293152
0.8279816508293152
0.8314220309257507
0.8279816508293152
0.8302752375602722
0.8256880640983582
0.8245412707328796
0.8245412707328796
0.8325688242912292
0.8291284441947937
0.8279816508293152
0.8268348574638367
0.8291284441947937
0.8291284441947937
0.8233944773674011
0.8233944773674011
0.8291284441947937
0.8256880640983582
0.8302752375602722
0.8279816508293152
0.8291284441947937
0.8279816508293152
0.8302752375602722
0.8314220309257507
0.8222476840019226
0.8302752375602722
0.8256880640983582
0.8233944773674011
0.8245412707328796
0.8256880640983582
0.8279816508293152
0.8245412707328796
0.8256880640983582
0.8291284441947937
0.8291284441947937
0.83600914478302
0.8302752375602722
0.8302752375602722
0.8314220309257507
0.838302731513977
0.8302752375602722
0.8291284441947937
0.8314220309257507
0.8279816508293152
0.8211008906364441
0.8233944773674011
0.8291284441947937
0.8233944773674011
0.8199541568756104
0.8245412707328796
0.8233944773674011
0.8233944773674011
0.8256880640983582
0.8222476840019226
0.8188073635101318
0.8256880640983582
0.8222476840019226
0.8245412707328796
0.8268348574638367
0.8279816508293152
0.8233944773674011
0.8291284441947937
0.8256880640983582
0.8325688242912292
0.8348624110221863
0.8268348574638367
0.8279816508293152
0.8245412707328796
0.8222476840019226
0.8291284441947937
0.8302752375602722
0.8233944773674011
0.8291284441947937
0.8245412707328796
0.8302752375602722
0.8314220309257507
0.8268348574638367
0.8302752375602722
0.8302752375602722
0.8268348574638367
0.8256880640983582
0.8279816508293152
0.8268348574638367
0.8279816508293152
0.8279816508293152
0.8279816508293152
0.8302752375602722
0.8245412707328796
0.8268348574638367
0.8279816508293152
0.83600914478302
0.8291284441947937
0.8302752375602722
0.8256880640983582
0.8279816508293152
0.8291284441947937
0.8325688242912292
0.8302752375602722
0.8291284441947937
0.8245412707328796
0.8188073635101318
0.8153669834136963
0.8222476840019226
0.8199541568756104
0.8245412707328796
0.8245412707328796
0.8268348574638367
0.8279816508293152
0.8222476840019226
0.8211008906364441
0.8268348574638367
0.8314220309257507
0.8233944773674011
0.8222476840019226
0.8222476840019226
0.8291284441947937
0.8279816508293152
0.8302752375602722
0.8268348574638367
0.8188073635101318
0.8279816508293152
0.8302752375602722
0.8222476840019226
0.8314220309257507
0.8279816508293152
0.8233944773674011
0.8279816508293152
0.8302752375602722
0.8314220309257507
0.8256880640983582
0.8291284441947937
0.8291284441947937
0.8302752375602722
0.8279816508293152
0.8291284441947937
0.8291284441947937
0.8302752375602722
0.8256880640983582
0.8279816508293152
0.8314220309257507
0.8302752375602722
0.8325688242912292
0.8348624110221863
0.83600914478302
0.8314220309257507
0.8314220309257507
0.8314220309257507
0.8256880640983582
0.8222476840019226
0.8302752375602722
0.8268348574638367
0.8291284441947937
0.8291284441947937
0.83600914478302
0.8291284441947937
0.8314220309257507
0.8302752375602722
0.8291284441947937
0.8279816508293152
0.8302752375602722
0.8302752375602722
0.8371559381484985
0.8314220309257507
0.8291284441947937
0.8348624110221863
0.8337156176567078
0.8371559381484985
0.8371559381484985
0.8302752375602722
0.83600914478302
0.83600914478302
0.8348624110221863
0.8325688242912292
0.8302752375602722
0.8302752375602722
0.8279816508293152
0.8233944773674011
0.8325688242912292
0.8279816508293152
0.8314220309257507
0.8245412707328796
0.8245412707328796
0.8245412707328796
0.8245412707328796
0.8348624110221863
0.8325688242912292
0.8245412707328796
0.8348624110221863
0.8268348574638367
0.8325688242912292
0.8371559381484985
0.8256880640983582
0.838302731513977
0.8256880640983582
0.83600914478302
0.8233944773674011
0.8222476840019226
0.8291284441947937
0.8268348574638367
0.8233944773674011
0.8256880640983582
0.8245412707328796
0.8314220309257507
0.8279816508293152
0.8222476840019226
0.8291284441947937
0.8279816508293152
0.8211008906364441
0.8279816508293152
0.8279816508293152
0.8279816508293152
0.8188073635101318
0.8325688242912292
0.8337156176567078
0.8314220309257507
0.8211008906364441
0.8245412707328796
0.8337156176567078
0.8348624110221863
0.8211008906364441
0.8314220309257507
0.8268348574638367
0.8279816508293152
0.8279816508293152
0.8325688242912292
0.8337156176567078
0.8233944773674011
0.83600914478302
0.8256880640983582
0.8268348574638367
0.8268348574638367
0.8245412707328796
0.8279816508293152
0.8268348574638367
0.8348624110221863
0.8394495248794556
0.83600914478302
0.8337156176567078
0.8348624110221863
0.83600914478302
0.8325688242912292
0.8417431116104126
0.8291284441947937
0.8371559381484985
0.8279816508293152
0.8268348574638367
0.83600914478302
0.8268348574638367
0.8325688242912292
0.8314220309257507
0.8291284441947937
0.8256880640983582
0.8256880640983582
0.8394495248794556
0.83600914478302
0.838302731513977
0.8417431116104126
0.8314220309257507
0.838302731513977
0.8394495248794556
0.8279816508293152
0.8325688242912292
0.8394495248794556
0.838302731513977
0.8314220309257507
0.8245412707328796
0.8337156176567078
0.8325688242912292
0.8279816508293152
0.8268348574638367
0.8256880640983582
0.8199541568756104
0.8371559381484985
0.8337156176567078
0.8233944773674011
0.8279816508293152
0.8337156176567078
0.8348624110221863
0.8325688242912292
0.8394495248794556
0.8337156176567078
0.8371559381484985
0.8337156176567078
0.83600914478302
0.83600914478302
0.8337156176567078
0.8348624110221863
0.8245412707328796
0.8348624110221863
0.8325688242912292
0.83600914478302
0.83600914478302
0.8371559381484985
0.8325688242912292
0.8371559381484985
0.8371559381484985
0.8337156176567078
0.83600914478302
0.8348624110221863
0.8314220309257507
0.8302752375602722
0.8348624110221863
0.8291284441947937
0.8394495248794556
0.8302752375602722
0.8394495248794556
0.8314220309257507
0.8405963182449341
0.838302731513977
0.8371559381484985
0.838302731513977
0.838302731513977
0.8371559381484985
0.83600914478302
0.8405963182449341
0.8314220309257507
0.8371559381484985
0.8348624110221863
0.8279816508293152
0.8405963182449341
0.8279816508293152
0.83600914478302
0.8348624110221863
0.8325688242912292
0.8302752375602722
0.8279816508293152
0.8291284441947937
0.8302752375602722
0.8256880640983582
0.8325688242912292
0.8371559381484985
0.8291284441947937
0.83600914478302
0.8291284441947937
0.8268348574638367
0.8222476840019226
0.8211008906364441
0.8142201900482178
0.8325688242912292
0.8325688242912292
0.8314220309257507
0.8314220309257507
0.8337156176567078
0.8279816508293152
0.8337156176567078
0.8233944773674011
0.8371559381484985
0.83600914478302
0.8302752375602722
0.8371559381484985
0.8302752375602722
0.8337156176567078
0.8325688242912292
0.8337156176567078
0.8348624110221863
0.8325688242912292
0.8325688242912292
0.83600914478302
0.8348624110221863
0.8325688242912292
0.8348624110221863
0.83600914478302
0.8302752375602722
0.8337156176567078
0.8302752375602722
0.8394495248794556
0.838302731513977
0.8302752375602722
0.8256880640983582
0.838302731513977
0.8337156176567078
0.8348624110221863
0.8337156176567078
0.8302752375602722
0.8337156176567078
0.83600914478302
0.8371559381484985
0.8348624110221863
0.83600914478302
0.83600914478302
0.8348624110221863
0.838302731513977
0.8325688242912292
0.8268348574638367
0.8268348574638367
0.83600914478302
0.8337156176567078
0.838302731513977
0.8325688242912292
0.8325688242912292
0.8325688242912292
0.83600914478302
0.8314220309257507
0.8302752375602722
0.8314220309257507
0.8291284441947937
0.8371559381484985
0.838302731513977
0.83600914478302
0.8325688242912292
0.8337156176567078
0.8325688242912292
0.8245412707328796
0.8279816508293152
0.8314220309257507
0.8291284441947937
0.8291284441947937
0.8279816508293152
0.8268348574638367
0.8291284441947937
0.8337156176567078
0.8337156176567078
0.8314220309257507
0.8325688242912292
0.8314220309257507
0.8302752375602722
0.8302752375602722
0.8314220309257507
0.8348624110221863
0.8302752375602722
0.8279816508293152
0.8302752375602722
0.8222476840019226
0.8337156176567078
0.8314220309257507
0.8314220309257507
0.8314220309257507
0.8337156176567078
0.8314220309257507
0.8302752375602722
0.8291284441947937
0.8314220309257507
0.8348624110221863
0.8302752375602722
0.8302752375602722
0.8302752375602722
0.8279816508293152
0.8279816508293152
0.8279816508293152
0.8302752375602722
0.8256880640983582
0.8302752375602722
0.8291284441947937
0.8314220309257507
0.8302752375602722
0.8302752375602722
0.8302752375602722
0.8325688242912292
0.8337156176567078
0.8302752375602722
0.8314220309257507
0.8314220309257507
0.83600914478302
0.8325688242912292
0.8348624110221863
0.8337156176567078
0.8314220309257507
0.8268348574638367
0.8279816508293152
0.8279816508293152
0.8279816508293152
0.8291284441947937
0.8291284441947937
0.8268348574638367
0.8279816508293152
0.8302752375602722
0.8325688242912292
0.8302752375602722
0.8348624110221863
0.8279816508293152
0.8348624110221863
0.8302752375602722
0.8325688242912292
0.8268348574638367
0.8348624110221863
0.8279816508293152
0.8291284441947937
0.8279816508293152
0.8314220309257507
0.8279816508293152
0.8268348574638367
0.8348624110221863
0.8325688242912292
0.8337156176567078
0.8325688242912292
0.8302752375602722
0.8302752375602722
0.8314220309257507
0.8302752375602722
0.8291284441947937
0.8325688242912292
0.8302752375602722
0.8291284441947937
0.8325688242912292
0.8325688242912292
0.8348624110221863
0.8348624110221863
0.8325688242912292
0.8279816508293152
0.8279816508293152
0.8291284441947937
0.8245412707328796
0.8279816508293152
0.8291284441947937
0.8268348574638367
0.8268348574638367
0.8279816508293152
0.8279816508293152
0.8279816508293152
0.8268348574638367
0.8279816508293152
0.8245412707328796
0.8291284441947937
0.8268348574638367
0.8314220309257507
0.8268348574638367
0.8279816508293152
0.8279816508293152
0.8291284441947937
0.8291284441947937
0.8291284441947937
0.8314220309257507
0.8302752375602722
0.8302752375602722
0.8325688242912292
0.8325688242912292
0.8314220309257507
0.8291284441947937
0.8279816508293152
0.8325688242912292
0.8314220309257507
0.8279816508293152
0.8279816508293152
0.8291284441947937
0.8291284441947937
0.8268348574638367
0.8268348574638367
0.8291284441947937
0.8302752375602722
0.8291284441947937
0.8291284441947937
0.8291284441947937
0.8291284441947937
0.8291284441947937
0.8291284441947937
0.8314220309257507
0.8314220309257507
0.8314220309257507
0.8302752375602722
0.8325688242912292
0.8337156176567078
0.8337156176567078
0.8291284441947937
0.8302752375602722
0.8302752375602722
0.8314220309257507
0.8314220309257507
0.8302752375602722
0.8302752375602722
0.8302752375602722
0.8325688242912292
0.8314220309257507
0.8314220309257507
0.8325688242912292
0.8337156176567078
0.8337156176567078
0.8314220309257507
0.8302752375602722
0.8302752375602722
0.8291284441947937
0.8291284441947937
0.8314220309257507
0.8302752375602722
0.8291284441947937
0.8291284441947937
0.8302752375602722
0.8291284441947937
0.8302752375602722
0.8302752375602722
0.8325688242912292
0.8314220309257507
0.8302752375602722
0.8325688242912292
0.8325688242912292
0.8325688242912292
0.8325688242912292
0.8325688242912292
0.8314220309257507
0.8325688242912292
0.8325688242912292
0.8314220309257507
0.8314220309257507
0.8314220309257507
0.8314220309257507
0.8314220309257507
0.8314220309257507
