Wall time,Step,Value
1579947879.4361749,600,1.5777530961713637e-06
1579948250.9477868,1900,5.0076514526153915e-06
1579948419.1400983,2500,6.5906810959859286e-06
1579948868.2756035,4100,1.0812093933054712e-05
1579948924.276683,4300,1.1339770935592242e-05
1579949008.3107424,4600,1.2131285984651186e-05
1579949232.2033277,5400,1.4241992175811902e-05
1579949316.2758703,5700,1.5033507224870846e-05
1579949739.7119153,7200,1.8991082470165566e-05
1579949824.861103,7500,1.978259751922451e-05
1579950387.1908627,9500,2.5059363906621e-05
1579950611.143168,10300,2.7170070097781718e-05
1579950724.2104034,10700,2.8225424102856778e-05
1579951284.2180977,12700,3.350219049025327e-05
1579951650.418905,14000,3.693208782351576e-05
1579952100.978176,15600,4.115350020583719e-05
1579952185.1131554,15900,4.1945015254896134e-05
1579952437.3143103,16800,4.4319560402072966e-05
1579952745.5951412,17900,4.722178346128203e-05
1579952885.7482119,18400,4.85409727843944e-05
1579952941.8336835,18600,4.906865069642663e-05
1579952969.8265421,18700,4.933248783345334e-05
1579953081.9853172,19100,5.0387843657517806e-05
1579953560.827671,20800,5.487309317686595e-05
1579954011.5335557,22400,5.909450555918738e-05
1579954180.8753388,23000,6.067753565730527e-05
1579954321.0087469,23500,6.199672498041764e-05
1579954741.6086338,25000,6.595430022571236e-05
1579954909.7298832,25600,6.753733032383025e-05
1579955049.9173074,26100,6.885652692290023e-05
1579955246.1742234,26800,7.070339052006602e-05
1579955358.3070533,27200,7.175874634413049e-05
1579955414.3765614,27400,7.228642061818391e-05
1579955947.1327298,29300,7.72993516875431e-05
1579956395.892413,30900,8.152076770784333e-05
1579956451.9986317,31100,8.204844198189676e-05
1579956676.452991,31900,8.415914635406807e-05
1579957014.1277354,33100,8.732520655030385e-05
1579957266.608796,34000,8.969975169748068e-05
1579957491.0136259,34800,9.181045606965199e-05
1579957942.2161942,36400,9.603187208995223e-05
1579958054.4843187,36800,9.70872279140167e-05
1579959569.919833,42200,0.00011133449152112007
1579959597.982727,42300,0.00011159833229612559
1579960076.0871332,44000,0.00011608358181547374
1579960132.1562312,44200,0.00011661126336548477
1579960160.2195413,44300,0.00011687509686453268
1579960244.3367572,44600,0.00011766661191359162
1579960665.0281982,46100,0.00012162418715888634
1579960749.1598406,46400,0.0001224157022079453
1579960777.2383568,46500,0.0001226795429829508
1579961057.7842612,47500,0.00012531792162917554
1579961534.6253629,49200,0.0001298031711485237
1579961590.752088,49400,0.00013033085269853473
1579962179.9116373,51500,0.00013587145076598972
1579962264.0741181,51800,0.00013666297309100628
1579962488.4844668,52600,0.0001387736847391352
1579962657.958703,53200,0.0001403567148372531
1579962798.274121,53700,0.00014167590416036546
1579962967.7877598,54300,0.00014325893425848335
1579963108.1000144,54800,0.00014457812358159572
1579963388.7675147,55800,0.00014721650222782046
1579963557.254419,56400,0.00014879953232593834
1579963839.1915445,57400,0.0001514379255240783
1579964007.6060052,58000,0.0001530209556221962
1579964063.7736926,58200,0.000153548622620292
1579964205.3011324,58700,0.00015486781194340438
1579964233.3797865,58800,0.0001551316527184099
1579964654.5619733,60300,0.00015908923523966223
1579965159.8949707,62100,0.0001638383255340159
1579965216.0868402,62300,0.0001643659925321117
1579965553.042922,63500,0.00016753205272834748
1579965749.4911952,64200,0.0001693789236014709
1579965777.5400014,64300,0.0001696427643764764
1579965833.6765606,64500,0.00017017044592648745
1579965919.1540263,64800,0.00017096195369958878
1579965975.2732625,65000,0.00017148963524959981
1579966312.0092225,66200,0.0001746556954458356
1579966592.5104513,67200,0.00017729407409206033
1579966676.6795087,67500,0.00017808559641707689
1579966929.1837437,68400,0.0001804601342882961
1579967069.5257847,68900,0.00018177932361140847
1579967799.3026338,71500,0.00018863912555389106
1579967911.5486693,71900,0.0001896944741019979
1579968023.806379,72300,0.00019074982265010476
1579968051.9061744,72400,0.00019101366342511028
1579968248.4117105,73100,0.0001928605342982337
1579968501.0456753,74000,0.00019523508672136813
1579968613.3401544,74400,0.00019629043526947498
1579968725.6454542,74800,0.00019734578381758183
1579968865.979429,75300,0.0001986649731406942
1579968978.3211381,75700,0.00019972033624071628
1579969230.8843615,76600,0.0002020948741119355
1579969343.174973,77000,0.00020315022266004235
1579969371.2199793,77100,0.00020341406343504786
1579969399.29019,77200,0.00020367790421005338
1579969455.3878922,77400,0.00020420558576006442
1579969652.918375,78100,0.00020605245663318783
1579969793.2587976,78600,0.0002073716459563002
1579969849.366736,78800,0.000207899312954396
1579969989.668924,79300,0.0002092185168294236
1579970045.817815,79500,0.00020974618382751942
1579970158.0386221,79900,0.0002108015469275415
1579970270.2117913,80300,0.00021185689547564834
1579970438.536717,80900,0.00021343992557376623
1579970466.5614567,81000,0.00021370376634877175
1579971111.7648916,83300,0.00021977204596623778
1579971224.0435002,83700,0.00022082739451434463
1579972150.0367138,87000,0.00022953406732995063
1579972290.33606,87500,0.000230853256653063
1579972346.481773,87700,0.0002313809236511588
1579972514.8647912,88300,0.0002329639537492767
1579972739.4191442,89100,0.00023507466539740562
1579972907.8613808,89700,0.0002366576954955235
1579973020.1646714,90100,0.00023771304404363036
1579973216.5924966,90800,0.00023955991491675377
1579973272.7244658,91000,0.0002400875964667648
1579973440.646361,91600,0.0002416706265648827
1579973496.53218,91800,0.00024219830811489373
1579973889.0748875,93200,0.0002458920353092253
1579973917.1307554,93300,0.0002461558615323156
1579974197.7305431,94300,0.0002487942692823708
1579974281.875778,94600,0.00024958577705547214
1579974534.4853103,95500,0.0002519603294786066
1579974646.727564,95900,0.0002530156634747982
1579974758.9902997,96300,0.0002540710265748203
1579975011.5748389,97200,0.0002564455789979547
1579975039.6657863,97300,0.000256709405221045
1579975207.9788153,97900,0.00025829244987107813
1579975236.0280986,98000,0.0002585562760941684
1579975376.3617237,98500,0.0002598754654172808
1579975713.071354,99700,0.00026304152561351657
1579975881.406682,100300,0.0002646245702635497
1579975965.5675385,100600,0.000265416078036651
1579976218.0346463,101500,0.00026779063045978546
1579976302.1978664,101800,0.0002685821382328868
1579976526.7702067,102600,0.0002706928353291005
1579977060.0006206,104500,0.0002757057663984597
1579977424.827037,105800,0.00027913565281778574
1579977593.19929,106400,0.00028071869746781886
1579977677.437014,106700,0.0002815102052409202
1579977733.577079,106900,0.0002820378867909312
1579977845.9003258,107300,0.0002830932498909533
1579978014.3761134,107900,0.00028467626543715596
1579978154.7122004,108400,0.00028599545476026833
1579978435.4647448,109400,0.00028863383340649307
1579978603.940041,110000,0.0002902168780565262
1579978716.2069964,110400,0.00029127224115654826
1579978744.2467768,110500,0.00029153606737963855
1579979024.9607685,111500,0.0002941744460258633
1579979165.2432535,112000,0.00029549363534897566
1579980203.6564484,115700,0.00030525567126460373
1579980315.9377506,116100,0.00030631100526079535
1579980344.0177898,116200,0.0003065748605877161
1579980372.0683026,116300,0.0003068386868108064
1579980877.3419054,118100,0.0003115877916570753
1579981214.2661295,119300,0.00031475385185331106
1579981242.2637627,119400,0.00031501767807640135
1579981410.6416667,120000,0.000316600693622604
1579981607.0622962,120700,0.0003184475644957274
1579982336.6249313,123300,0.00032530736643821
1579982392.7695572,123500,0.00032583504798822105
1579982673.323183,124500,0.0003284734266344458
1579982982.0289736,125600,0.00033137566060759127
1579983066.2673063,125900,0.0003321671683806926
1579983150.4408677,126200,0.00033295867615379393
1579983711.5009081,128200,0.00033823546255007386
1579983879.7685325,128800,0.0003398184780962765
1579984076.2352133,129500,0.00034166534896939993
1579984244.5485601,130100,0.0003432483645156026
1579984524.9728658,131100,0.0003458867722656578
1579984693.298701,131700,0.00034746978781186044
1579984777.4435725,132000,0.00034826129558496177
1579985085.9171774,133100,0.00035116352955810726
1579985170.0550947,133400,0.0003519550373312086
1579985254.2275636,133700,0.0003527465451043099
1579985282.273016,133800,0.00035301040043123066
1579986628.935533,138600,0.00036567464121617377
1579986713.0956132,138900,0.0003664661489892751
1579986797.2985427,139200,0.00036725765676237643
1579986825.3436198,139300,0.0003675215120892972
1579987442.6490257,141500,0.0003733259509317577
1579987779.1856527,142700,0.00037649201112799346
1579987835.3109424,142900,0.0003770196926780045
1579987947.5184937,143300,0.0003780750266741961
1579988059.7549884,143700,0.0003791303897742182
1579988171.9738152,144100,0.0003801857528742403
1579988873.2631526,146600,0.0003867816994898021
1579988901.3022184,146700,0.0003870455257128924
1579989209.7781522,147800,0.0003899477596860379
1579989434.1095517,148600,0.0003920584567822516
1579989546.2355645,149000,0.0003931138198822737
1579989602.3577812,149200,0.0003936415014322847
1579989882.7986443,150200,0.00039627988007850945
1579990079.0850947,150900,0.00039812675095163286
1579990499.572355,152400,0.00040208431892096996
1579990611.6871197,152800,0.00040313968202099204
1579991284.8270419,155200,0.0004094718024134636
1579991312.8756852,155300,0.0004097356286365539
1579991761.6132543,156900,0.00041395705193281174
1579991789.6410897,157000,0.00041422087815590203
1579992210.2347236,158500,0.00041817844612523913
1579992322.4079335,158900,0.0004192338092252612
1579992574.790933,159800,0.00042160836164839566
1579992771.079421,160500,0.00042345523252151906
1579992799.136547,160600,0.00042371905874460936
1579993163.77253,161900,0.0004271489742677659
1579993416.3128436,162800,0.00042952349758706987
1579993556.5797768,163300,0.00043084268691018224
1579993696.8086646,163800,0.00043216190533712506
1579993780.9684873,164100,0.0004329534131102264
1579993921.175593,164600,0.00043427260243333876
1579994005.3363473,164900,0.0004350641102064401
1579994341.964938,166100,0.00043823017040267587
1579994566.383362,166900,0.00044034086749888957
1579994762.7668154,167600,0.00044218773837201297
1579994959.1318755,168300,0.0004440346092451364
1579995211.4362538,169200,0.0004464091616682708
1579995323.590674,169600,0.0004474645247682929
1579995351.6131501,169700,0.0004477283509913832
1579995379.650568,169800,0.0004479921772144735
1579995435.7641768,170000,0.0004485198587644845
1579995519.8801854,170300,0.0004493113956414163
1579995716.2009168,171000,0.00045115823741070926
1579995968.627004,171900,0.0004535327898338437
1579996249.0723548,172900,0.00045617116848006845
1579996361.242562,173300,0.0004572265315800905
1579996417.3006277,173500,0.00045775421313010156
1579996501.4217863,173800,0.0004585457209032029
1579996641.7331755,174300,0.00045986491022631526
1579996725.8574247,174600,0.0004606564179994166
1579996753.9378846,174700,0.00046092027332633734
1579996781.9613206,174800,0.00046118409954942763
1579997315.16892,176700,0.0004661970306187868
1579997567.8109152,177600,0.00046857158304192126
1579997736.244845,178200,0.0004701545985881239
1579997932.6780558,178900,0.0004720014694612473
1579997960.732317,179000,0.00047226532478816807
1579998213.4245453,179900,0.00047463984810747206
1579998409.9427319,180600,0.00047648671898059547
1579998747.0489836,181800,0.00047965277917683125
1579998999.6369529,182700,0.0004820273315999657
1579999111.9422326,183100,0.00048308269469998777
1579999392.5004632,184100,0.0004857210733462125
1579999504.7544508,184500,0.0004867764364462346
1579999645.0896711,185000,0.00048809562576934695
1579999757.388305,185400,0.000489150988869369
1580000121.9387531,186700,0.0004925808752886951
1580000206.0493453,187000,0.0004933723830617964
1580000374.2678344,187600,0.0004949553986079991
1580000430.3541827,187800,0.0004954831092618406
1580001383.54554,191200,0.0004985154955647886
1580001551.7060225,191800,0.0004979877849109471
1580002028.3471274,193500,0.0004964927211403847
1580002084.4509726,193700,0.0004963168175891042
1580002140.5460465,193900,0.0004961409140378237
1580002308.8700333,194500,0.0004956132615916431
1580002392.993633,194800,0.0004953494062647223
1580002449.1293788,195000,0.0004951735609211028
1580002953.9289606,196800,0.0004935904871672392
1580003346.5692518,198200,0.0004923592787235975
1580003402.6744432,198400,0.000492183375172317
1580003907.723959,200200,0.0004906003596261144
1580004019.953673,200600,0.0004902485525235534
1580004244.3377132,201400,0.0004895449965260923
1580004356.5279815,201800,0.0004891932476311922
1580004636.9375362,202800,0.0004883137880824506
1580004721.0172653,203100,0.0004880499327555299
1580004889.3199117,203700,0.00048752225120551884
1580005562.4751785,206100,0.00048541155410930514
1580005899.1067383,207300,0.00048435619100928307
1580005927.1758394,207400,0.0004842682683374733
1580006011.3078592,207700,0.0004840044130105525
1580006039.3515944,207800,0.0004839164612349123
1580006095.4916875,208000,0.00048374058678746223
1580006151.553716,208200,0.00048356468323618174
1580006263.7867365,208600,0.0004832129052374512
1580006375.9857008,209000,0.00048286112723872066
1580006516.281484,209500,0.00048242139746434987
1580006572.339961,209700,0.00048224549391306937
1580006993.004645,211200,0.000480926304589957
1580007946.8547158,214600,0.0004779361479450017
1580008059.1302733,215000,0.0004775843699462712
1580008115.283182,215200,0.00047740849549882114
1580008255.530756,215700,0.00047696876572445035
1580008508.114963,216600,0.00047617722884751856
1580008732.562952,217400,0.0004754736728500575
1580008844.8446207,217800,0.00047512189485132694
1580009125.2537937,218800,0.00047424243530258536
1580009181.2977154,219000,0.00047406653175130486
1580009237.364618,219200,0.0004738906573038548
1580009265.4325259,219300,0.0004738027055282146
1580009377.609253,219700,0.00047345092752948403
1580009461.7977808,220000,0.0004731870722025633
1580009686.127578,220800,0.0004724835162051022
1580009798.3178158,221200,0.00047213173820637167
1580010190.8158638,222600,0.00047090050065889955
1580010359.0609577,223200,0.0004703728191088885
1580010499.2714813,223700,0.0004699330893345177
1580010527.311689,223800,0.00046984513755887747
1580010583.4151695,224000,0.0004696692631114274
1580010667.5800629,224300,0.0004694054077845067
1580010723.668889,224500,0.00046922953333705664
1580010779.8199587,224700,0.00046905362978577614
1580010807.8488457,224800,0.0004689656780101359
1580011004.141454,225500,0.00046835007378831506
1580011088.2604105,225800,0.0004680862184613943
1580011228.520472,226300,0.0004676464886870235
1580011761.614486,228200,0.0004659755213651806
1580012042.2725751,229200,0.00046509606181643903
1580012210.5744092,229800,0.00046456840937025845
1580012378.916992,230400,0.0004640407278202474
1580012491.1494207,230800,0.00046368894982151687
1580012519.187128,230900,0.0004636009980458766
1580012827.9010692,232000,0.0004626335867214948
1580012855.9828289,232100,0.00046254563494585454
1580013276.8089678,233600,0.0004612264456227422
1580013557.4946992,234600,0.0004603469860740006
1580013810.0200603,235500,0.00045955547830089927
1580014287.2801073,237200,0.00045806041453033686
1580014792.632899,239000,0.00045647736988030374
1580014820.7070856,239100,0.00045638944720849395
1580014876.819993,239300,0.00045621354365721345
1580015157.3807404,240300,0.00045533408410847187
1580015269.620372,240700,0.00045498230610974133
1580015802.6860764,242600,0.0004533113387878984
1580016111.1952448,243700,0.0004523439274635166
1580016335.5678418,244500,0.0004516403714660555
1580016503.8680053,245100,0.0004511126899160445
1580016531.9236016,245200,0.0004510247381404042
1580016588.0752282,245400,0.0004508488636929542
1580016644.1795754,245600,0.0004506729601416737
1580016784.458668,246100,0.0004502332303673029
1580017486.3791192,248600,0.00044803458149544895
1580017514.4686704,248700,0.0004479466297198087
1580017795.4020414,249700,0.0004470671701710671
1580017851.5599613,249900,0.0004468912957236171
1580017992.0280075,250400,0.0004464515659492463
1580018385.1931403,251800,0.00044522032840177417
1580018553.611362,252400,0.00044469264685176313
1580018750.11378,253100,0.00044407701352611184
1580018806.2467275,253300,0.0004439011390786618
1580018862.3737688,253500,0.0004437252355273813
1580019227.215877,254800,0.00044258194975554943
1580019339.4768991,255200,0.0004422301717568189
1580019395.6354566,255400,0.0004420542682055384
1580019760.4444463,256700,0.0004409109824337065
1580020097.216603,257900,0.00043985561933368444
1580020434.0140545,259100,0.0004388002853374928
1580020462.085806,259200,0.0004387123335618526
1580020490.1516845,259300,0.0004386243817862123
1580020714.7560031,260100,0.00043792082578875124
1580020883.2189324,260700,0.0004373931442387402
1580021360.431198,262400,0.0004358980804681778
1580021528.9359715,263000,0.00043537039891816676
1580021556.9922485,263100,0.0004352824471425265
1580021781.5880358,263900,0.0004345788911450654
1580021950.0512397,264500,0.0004340512095950544
1580022118.547683,265100,0.00043352352804504335
1580022258.8472953,265600,0.00043308379827067256
1580022904.5472956,267900,0.0004310610529500991
1580022960.6846917,268100,0.0004308851493988186
1580023101.0937948,268600,0.0004304454196244478
1580023241.3966146,269100,0.00043000568985007703
1580023606.9039242,270400,0.00042886240407824516
1580023803.782547,271100,0.0004282467707525939
1580024224.9282517,272600,0.00042692761053331196
1580024561.0705028,273800,0.0004258722474332899
1580024644.9891157,274100,0.0004256084212101996
1580025036.0011294,275500,0.000424377154558897
1580025063.911929,275600,0.0004242892318870872
1580025119.7342803,275800,0.00042411332833580673
1580026011.5025122,279000,0.00042129907524213195
1580026039.395328,279100,0.0004212111234664917
1580026067.2861588,279200,0.00042112317169085145
1580026262.4007297,279900,0.00042050753836520016
1580026569.1206322,281000,0.0004195401561446488
1580026987.5367785,282500,0.0004182209668215364
1580027071.233296,282800,0.0004179571114946157
1580027126.997296,283000,0.00041778123704716563
1580027154.9008715,283100,0.0004176932852715254
1580027963.6546597,286000,0.0004151428584009409
1580028298.1556456,287200,0.0004140874953009188
1580028326.0120304,287300,0.000413999572629109
1580028576.8813324,288200,0.0004132080648560077
1580028827.6584551,289100,0.0004124165279790759
1580028994.7693417,289700,0.0004118888755328953
1580029106.1722603,290100,0.00041153706843033433
1580029579.4458804,291800,0.0004100420046597719
1580029635.1234846,292000,0.0004098661011084914
1580029662.986925,292100,0.00040977817843668163
1580029690.8244221,292200,0.0004096902266610414
1580029997.0316024,293300,0.00040872281533665955
1580030498.0735862,295100,0.0004071397997904569
1580030971.4254737,296800,0.000405644706916064
1580031166.3756385,297500,0.0004050291026942432
1580031194.2352023,297600,0.00040494115091860294
1580031835.4285944,299900,0.0004029184055980295
1580031974.895958,300400,0.0004024786758236587
1580032030.7850819,300600,0.0004023027722723782
1580032086.5853055,300800,0.0004021268687210977
1580032142.4473317,301000,0.00040195099427364767
1580032198.32424,301200,0.00040177509072236717
1580032310.1451569,301600,0.00040142331272363663
1580032338.1179037,301700,0.0004013353609479964
1580032646.1765735,302800,0.000400367978727445
1580032730.2635972,303100,0.00040010412340052426
1580032954.8393452,303900,0.0003994005674030632
1580033039.1681118,304200,0.00039913671207614243
1580033292.1828165,305100,0.0003983452043030411
1580033714.753597,306600,0.00039702601497992873
1580033827.6087987,307000,0.0003966742369811982
1580033884.0713556,307200,0.00039649836253374815
1580034307.6742764,308700,0.0003951791732106358
1580034675.098613,310000,0.00039403585833497345
1580035325.8416955,312300,0.0003920131130144
1580035750.3371627,313800,0.00039069392369128764
1580035778.6821449,313900,0.0003906059719156474
1580035976.626845,314600,0.00038999036769382656
1580036117.9190927,315100,0.00038955063791945577
1580036259.1604657,315600,0.000389110908145085
1580036372.0039139,316000,0.00038875913014635444
1580036428.4469373,316200,0.00038858322659507394
1580036879.64537,317800,0.0003871760854963213
1580037189.255334,318900,0.00038620870327576995
1580037385.9862754,319600,0.00038559306995011866
1580037414.0902703,319700,0.0003855051181744784
1580037610.7069147,320400,0.0003848895139526576
1580037694.9260912,320700,0.00038462565862573683
1580038367.561557,323100,0.00038251496152952313
1580038451.5548356,323400,0.00038225113530643284
1580038647.3584216,324100,0.00038163550198078156
1580038731.215837,324400,0.00038137167575769126
1580038759.197199,324500,0.000381283723982051
1580038815.1079454,324700,0.000381107849534601
1580038843.0403695,324800,0.0003810198977589607
1580039402.0405898,326800,0.00037926097866147757
1580039541.8094969,327300,0.0003788212488871068
1580039793.2512114,328200,0.00037802974111400545
1580039849.1199696,328400,0.00037785383756272495
1580040463.5131338,330600,0.00037591904401779175
1580040686.8177698,331400,0.0003752154589165002
1580041077.7013302,332800,0.0003739842213690281
1580041105.59995,332900,0.00037389626959338784
1580041245.2291296,333400,0.00037345653981901705
1580041385.4584944,333900,0.00037301681004464626
1580041582.4264264,334600,0.00037240120582282543
1580042397.140844,337500,0.00036985077895224094
1580042453.6384735,337700,0.00036967487540096045
1580042510.18079,337900,0.0003694990009535104
1580042736.3836823,338700,0.00036879541585221887
1580043216.424307,340400,0.00036730035208165646
1580043357.4702978,340900,0.00036686062230728567
1580043977.0045457,343100,0.000364925799658522
1580044061.4118626,343400,0.0003646619734354317
1580044202.1100316,343900,0.00036422224366106093
1580044399.092279,344600,0.00036360661033540964
1580044511.6157048,345000,0.0003632548323366791
1580044567.9085732,345200,0.00036307895788922906
1580044736.6087894,345800,0.000362551276339218
1580044764.7112596,345900,0.00036246332456357777
1580044933.379415,346500,0.00036193564301356673
1580045130.0747194,347200,0.0003613200387917459
1580045298.657334,347800,0.00036079235724173486
1580045382.9228992,348100,0.00036052853101864457
1580045860.1108758,349800,0.0003590334381442517
1580045916.1805253,350000,0.0003588575345929712
1580046196.6323168,351000,0.0003579781041480601
1580046280.7787635,351300,0.00035771424882113934
1580046476.9994557,352000,0.0003570986445993185
1580046925.426255,353600,0.0003556915035005659
1580046981.4204743,353800,0.0003555155999492854
1580047149.4431384,354400,0.0003549879475031048
1580047261.4391448,354800,0.0003546361404005438
1580047317.434281,355000,0.00035446026595309377
1580047709.2598217,356400,0.00035322902840562165
1580048184.81673,358100,0.0003517339355312288
1580048520.3086028,359300,0.00035067860153503716
1580048743.9569576,360100,0.0003499750164337456
1580049247.1413996,361900,0.00034839200088754296
1580049303.1017442,362100,0.00034821609733626246
1580049358.9954932,362300,0.0003480402228888124
1580049442.9041858,362600,0.0003477763675618917
1580049526.7661343,362900,0.0003475125413388014
1580050002.1592524,364600,0.0003460174484644085
1580050310.086662,365700,0.00034505006624385715
1580050338.0550258,365800,0.0003449621144682169
1580050505.9578018,366400,0.00034443443291820586
1580050701.8827891,367100,0.000343818828696385
1580051541.8681786,370100,0.0003411804500501603
1580051597.8329687,370300,0.0003410045464988798
1580052269.8859544,372700,0.0003388938494026661
1580052381.9530668,373100,0.00033854207140393555
1580052409.9483628,373200,0.0003384541196282953
1580052437.950588,373300,0.00033836616785265505
1580052606.0642295,373900,0.00033783851540647447
1580052690.1145482,374200,0.0003375746600795537
1580052746.0807283,374400,0.0003373987856321037
1580052998.2396939,375300,0.0003366072487551719
1580053194.2841873,376000,0.00033599164453335106
1580053558.382745,377300,0.0003348483587615192
1580053782.5516686,378100,0.00033414477366022766
1580054146.8307226,379400,0.0003330014878883958
1580054202.8497615,379600,0.0003328255843371153
1580054286.9215188,379900,0.000332561758114025
1580054623.2127144,381100,0.0003315063950140029
1580054735.4186938,381500,0.0003311546170152724
1580054875.5707495,382000,0.0003307148872409016
1580054931.6300056,382200,0.00033053901279345155
1580055211.9403772,383200,0.00032965955324470997
1580055324.065714,383600,0.00032930777524597943
1580055688.5403047,384900,0.0003281644603703171
1580056137.2476892,386500,0.0003267573192715645
1580056277.4659505,387000,0.0003263175894971937
1580056473.740742,387700,0.00032570198527537286
1580057175.0959265,390200,0.0003235033364035189
1580057203.2051327,390300,0.00032341538462787867
1580057231.281564,390400,0.0003233274328522384
1580057427.6732132,391100,0.0003227118286304176
1580057708.1095624,392100,0.000321832369081676
1580057932.5591013,392900,0.0003211288130842149
1580058129.01367,393600,0.00032051317975856364
1580058241.260249,394000,0.0003201614017598331
1580058550.0018218,395100,0.00031919399043545127
1580058718.3946736,395700,0.00031866630888544023
1580058886.7306197,396300,0.00031813865643925965
1580059503.6577644,398500,0.000316203833790496
1580059812.1121278,399600,0.00031523642246611416
1580059952.3919713,400100,0.0003147966926917434
1580060204.6636612,401000,0.00031400518491864204
1580060232.7018738,401100,0.0003139172331430018
1580060541.0252213,402200,0.0003129498509224504
1580060569.0738904,402300,0.0003128618991468102
1580060877.387072,403400,0.00031189448782242835
1580060961.475615,403700,0.00031163066159933805
1580061157.6670315,404400,0.00031101502827368677
1580061241.7235806,404700,0.0003107512020505965
1580061269.7656653,404800,0.0003106632502749562
1580061297.7642171,404900,0.000310575298499316
1580062558.911123,409400,0.00030661775963380933
1580062699.157131,409900,0.00030617802985943854
1580062727.1835945,410000,0.0003060900780837983
1580063007.602839,411000,0.0003052106185350567
1580064633.1265628,416800,0.00030010976479388773
1580065053.1936507,418300,0.00029879057547077537
1580065361.2606213,419400,0.00029782316414639354
1580065389.2865527,419500,0.0002977352123707533
1580065445.2839007,419700,0.00029755933792330325
1580065501.295839,419900,0.00029738343437202275
1580065585.2541294,420200,0.00029711960814893246
1580065613.2656658,420300,0.0002970316563732922
1580065669.252366,420500,0.0002968557528220117
1580066312.964965,422800,0.00029483300750143826
1580066452.8782516,423300,0.00029439327772706747
1580066536.8407826,423600,0.0002941294515039772
1580066760.6388805,424400,0.00029342586640268564
1580067068.4483788,425500,0.00029245848418213427
1580067320.3015726,426400,0.0002916669473052025
1580067404.2726502,426700,0.0002914031210821122
1580067432.259731,426800,0.00029131516930647194
1580067684.0766966,427700,0.0002905236615333706
1580067852.0670218,428300,0.0002899959799833596
1580068299.8932958,429900,0.0002885888679884374
1580068467.8711226,430500,0.0002880611864384264
1580068579.8729782,430900,0.00028770940843969584
1580068831.8867505,431800,0.0002869179006665945
1580068887.8641777,432000,0.000286741997115314
1580069139.8010032,432900,0.0002859504893422127
1580069251.8172982,433300,0.00028559871134348214
1580069419.8600366,433900,0.0002850710297934711
1580069559.8987124,434400,0.0002846313000191003
1580070176.3580692,436600,0.00028269647737033665
1580070288.5047877,437000,0.0002823446993716061
1580070540.823538,437900,0.0002815531915985048
1580070961.2812054,439400,0.0002802340022753924
1580071157.483672,440100,0.0002796183980535716
1580071325.618765,440700,0.00027909071650356054
1580071437.741337,441100,0.00027873893850483
1580071465.7842364,441200,0.00027865098672918975
1580071998.37991,443100,0.00027698001940734684
1580072026.3986382,443200,0.0002768920676317066
1580072082.4935737,443400,0.0002767161640804261
1580072250.7000096,444000,0.0002761885116342455
1580072334.7893481,444300,0.00027592465630732477
1580073091.7631583,447000,0.0002735501329880208
1580073260.1189444,447600,0.00027302245143800974
1580073372.3488512,448000,0.0002726706734392792
1580073456.4548097,448300,0.00027240681811235845
1580073681.0064845,449100,0.00027170326211489737
1580073737.0817618,449300,0.00027152735856361687
1580074213.8859282,451000,0.00027003229479305446
1580074241.94768,451100,0.0002699443430174142
1580074774.8914764,453000,0.0002682733756955713
1580074802.9314406,453100,0.00026818542391993105
1580074887.1207476,453400,0.00026792159769684076
1580075139.9536824,454300,0.00026713008992373943
1580075364.6709805,455100,0.0002664265048224479
1580075420.8800611,455300,0.00026625063037499785
1580075448.953556,455400,0.0002661626785993576
1580075870.621858,456900,0.00026484348927624524
1580076151.9147518,457900,0.00026396402972750366
1580076236.2785475,458200,0.00026370020350441337
1580076545.732378,459300,0.00026273279218003154
1580076630.1792197,459600,0.00026246896595694125
1580076686.4208286,459800,0.00026229306240566075
1580076742.7181127,460000,0.00026211715885438025
1580077080.4395225,461200,0.00026106182485818863
1580077559.0069642,462900,0.00025956673198379576
1580077981.343704,464400,0.0002582475426606834
1580078150.3519385,465000,0.0002577198902145028
1580078347.543633,465700,0.0002571042568888515
1580078572.9885328,466500,0.00025640070089139044
1580078685.7156768,466900,0.0002560489228926599
1580078882.8306782,467600,0.0002554332895670086
1580078911.0392098,467700,0.00025534533779136837
1580078939.1780376,467800,0.0002552573860157281
1580079220.7795,468800,0.000254377955570817
1580079952.638062,471400,0.0002520913549233228
1580080093.2651725,471900,0.000251651625148952
1580080543.2765076,473500,0.0002502444840501994
1580080683.9532087,474000,0.0002498047542758286
1580080852.6651957,474600,0.00024927707272581756
1580080965.0998795,475000,0.000248925294727087
1580080993.2155282,475100,0.00024883734295144677
1580081218.0474024,475900,0.0002481337869539857
1580081302.353485,476200,0.0002478699607308954
1580081330.4921982,476300,0.00024778200895525515
1580081386.6794398,476500,0.00024760610540397465
1580081471.03748,476800,0.00024734227918088436
1580081724.1616004,477700,0.00024655077140778303
1580081808.5204086,478000,0.0002462869160808623
1580081836.6331565,478100,0.0002461989934090525
1580081949.017917,478500,0.0002458471863064915
1580082033.3579597,478800,0.0002455833600834012
1580082061.4703805,478900,0.00024549540830776095
1580082230.135506,479500,0.00024496775586158037
1580082398.7329335,480100,0.00024444007431156933
1580082454.949631,480300,0.00024426417076028883
1580082539.2305067,480600,0.00024400034453719854
1580083101.2929215,482600,0.00024224142543971539
1580083522.609681,484100,0.00024092223611660302
1580083859.6453557,485300,0.00023986688756849617
1580084393.297806,487200,0.00023819592024665326
1580084449.468637,487400,0.00023802001669537276
1580084898.6132782,489000,0.00023661289014853537
1580084982.792621,489300,0.00023634904937352985
1580085038.9295993,489500,0.00023617316037416458
1580085066.9789274,489600,0.00023608522315043956
1580085600.1395178,491500,0.00023441424127668142
1580086273.417828,493900,0.00023230354418046772
1580086357.5828435,494200,0.0002320397034054622
1580086722.0963478,495500,0.00023089641763363034
1580086946.3967314,496300,0.00023019284708425403
1580087170.695763,497100,0.00022948927653487772
1580087198.75823,497200,0.0002294013393111527
1580087282.8950205,497500,0.00022913749853614718
1580087338.997947,497700,0.0002289616095367819
1580087367.050977,497800,0.00022887365776114166
1580087759.562842,499200,0.00022764242021366954
1580087983.9231458,500000,0.00022693884966429323
1580088600.9896193,502200,0.0002250040415674448
1580088769.2705834,502800,0.000224476374569349
1580088853.4220436,503100,0.00022421253379434347
1580089049.8391232,503800,0.0002235969150206074
1580089414.7588935,505100,0.0002224536146968603
1580089470.9025047,505300,0.00022227772569749504
1580089498.9516957,505400,0.0002221897739218548
1580089695.5632796,506100,0.00022157415514811873
1580090201.605022,507900,0.00021999113960191607
1580090651.6410477,509500,0.00021858399850316346
1580090848.659029,510200,0.0002179683797294274
1580090989.4269586,510700,0.0002175286499550566
1580091017.6289988,510800,0.0002174407127313316
1580091186.4582012,511400,0.00021691303118132055
1580091552.5886822,512700,0.00021576973085757345
1580091608.9245892,512900,0.00021559384185820818
1580091777.9803507,513500,0.00021506617486011237
1580092510.8113587,516100,0.00021277957421261817
1580092651.832784,516600,0.00021233984443824738
1580093018.2649956,517900,0.0002111965586664155
1580093131.044571,518300,0.00021084476611576974
1580093638.4679506,520100,0.00020926175056956708
1580093863.860813,520900,0.00020855818002019078
1580094511.9920843,523200,0.00020653543469961733
1580094596.4746075,523500,0.0002062715939246118
1580094624.6176841,523600,0.00020618364214897156
1580094737.32899,524000,0.00020583186415024102
1580094765.5130744,524100,0.00020574391237460077
1580094878.1256266,524500,0.00020539213437587023
1580095384.7369938,526300,0.00020380910427775234
1580095497.3029263,526700,0.0002034573262790218
1580096144.3019714,529000,0.00020143456640653312
1580096509.8737087,530300,0.00020029128063470125
1580096959.4518287,531900,0.00019888413953594863
1580097268.3094397,533000,0.00019791674276348203
1580097717.6701362,534600,0.00019650960166472942
1580097801.9113185,534900,0.00019624577544163913
1580098110.8223567,536000,0.0001952783641172573
1580098138.8608394,536100,0.00019519042689353228
1580098223.1049228,536400,0.00019492658611852676
1580098700.372074,538100,0.00019343150779604912
1580098812.6325378,538500,0.00019307971524540335
1580099374.1317122,540500,0.00019132081069983542
1580099430.2740314,540700,0.00019114490714855492
1580099823.365712,542100,0.0001899136696010828
1580099963.818556,542600,0.000189473939826712
1580100357.1030428,544000,0.0001882427022792399
1580100385.2015746,544100,0.00018815475050359964
1580100441.3793151,544300,0.00018797886150423437
1580100581.7973332,544800,0.00018753913172986358
1580101368.5498345,547600,0.00018507665663491935
1580101621.4913204,548500,0.0001842851343099028
1580101818.131405,549200,0.00018366951553616673
1580101930.577584,549600,0.0001833177375374362
1580102099.1900609,550200,0.00018279005598742515
1580102267.8892796,550800,0.00018226238898932934
1580102408.429697,551300,0.00018182265921495855
1580102492.7695482,551600,0.00018155881843995303
1580102548.9220989,551800,0.00018138292944058776
1580102970.558431,553300,0.0001800637401174754
1580103223.480045,554200,0.00017927223234437406
1580103448.434002,555000,0.00017856866179499775
1580103926.1368423,556700,0.0001770735834725201
1580104066.5965703,557200,0.00017663385369814932
1580104122.769232,557400,0.00017645796469878405
1580104459.8030512,558600,0.0001754026161506772
1580104515.9513438,558800,0.00017522672715131193
1580104684.452142,559400,0.0001746990456013009
1580105021.438694,560600,0.00017364369705319405
1580105161.844343,561100,0.00017320396727882326
1580105442.72866,562100,0.00017232450773008168
1580105723.5193307,563100,0.0001714450481813401
1580105779.6774046,563300,0.00017126915918197483
1580106200.8706286,564800,0.00016994996985886246
1580106509.7108486,565900,0.00016898257308639586
1580106565.8378255,566100,0.0001688066840870306
1580106678.158471,566500,0.00016845489153638482
1580107015.1466653,567700,0.00016739954298827797
1580107099.3986056,568000,0.00016713571676518768
1580108250.816842,572100,0.00016352992679458112
1580108335.0719855,572400,0.00016326610057149082
1580108447.4755678,572800,0.00016291430802084506
1580108840.7285843,574200,0.00016168307047337294
1580109149.6259925,575300,0.00016071567370090634
1580109346.2473092,576000,0.00016010004037525505
1580109542.9167814,576700,0.000159484421601519
1580109823.9479508,577700,0.0001586049620527774
1580109908.1669,578000,0.00015834113582968712
1580110048.5975237,578500,0.00015790140605531633
1580110189.080626,579000,0.00015746167628094554
1580110357.660508,579600,0.0001569339947309345
1580110694.6104784,580800,0.00015587864618282765
1580110722.7193058,580900,0.00015579070895910263
1580111200.3817852,582600,0.000154295630636625
1580111284.6450014,582900,0.00015403178986161947
1580111481.4527595,583600,0.0001534161710878834
1580111818.7742126,584800,0.00015236082253977656
1580112240.4852915,586300,0.0001510416332166642
1580112296.7138429,586500,0.00015086574421729892
1580112493.7360063,587200,0.00015025011089164764
1580112775.4198859,588200,0.00014937066589482129
1580113000.8195162,589000,0.00014866709534544498
1580113057.1626856,589200,0.0001484912063460797
1580113113.5281672,589400,0.00014831531734671444
1580113254.3702474,589900,0.00014787558757234365
1580113507.903803,590800,0.0001470840652473271
1580113789.6474319,591800,0.0001462046056985855
1580113817.8829803,591900,0.0001461166684748605
1580114099.6145701,592900,0.0001452372089261189
1580114212.3316367,593300,0.00014488543092738837
1580114240.5343976,593400,0.00014479747915174812
1580114775.7008784,595300,0.0001431265118299052
1580114916.5273054,595800,0.00014268678205553442
1580114972.8002555,596000,0.00014251089305616915
1580115000.9824393,596100,0.0001424229412805289
1580115085.4624138,596400,0.00014215910050552338
1580115338.668223,597300,0.00014136759273242205
1580115845.0143375,599100,0.00013978456263430417
1580116407.3131094,601100,0.00013802565808873624
1580116547.7371063,601600,0.00013758592831436545
1580116800.4695718,602500,0.0001367944059893489
1580116968.982122,603100,0.00013626673899125308
1580116997.0459461,603200,0.00013617878721561283
1580117025.1420662,603300,0.0001360908499918878
1580117109.3665965,603600,0.0001358270092168823
1580117193.6228986,603900,0.00013556316844187677
1580117586.8941078,605300,0.00013433193089440465
1580117811.6796227,606100,0.00013362836034502834
1580118289.306916,607800,0.0001321332820225507
1580118317.43553,607900,0.00013204534479882568
1580118429.8100793,608300,0.0001316935522481799
1580118570.292593,608800,0.00013125382247380912
1580118766.9783757,609500,0.00013063820370007306
1580119019.7554128,610400,0.00012984669592697173
1580119075.982492,610600,0.00012967080692760646
1580119356.7915404,611600,0.00012879134737886488
1580119525.3683531,612200,0.00012826366582885385
1580119581.576576,612400,0.00012808777682948858
1580119750.0570493,613000,0.00012756009527947754
1580119806.2508533,613200,0.00012738420628011227
1580119862.4051347,613400,0.000127208317280747
1580120199.3705904,614600,0.00012615296873264015
1580120255.5721285,614800,0.00012597707973327488
1580120311.7196088,615000,0.0001258011907339096
1580120957.6669366,617300,0.00012377843086142093
1580121070.0110319,617700,0.0001234266528626904
1580121210.3997202,618200,0.0001229869230883196
1580121294.648198,618500,0.00012272308231331408
1580121743.849137,620100,0.00012131594849051908
1580122024.585603,621100,0.00012043649621773511
1580122052.662983,621200,0.00012034854444209486
1580122108.7752013,621400,0.00012017265544272959
1580122277.1756728,622000,0.00011964498116867617
1580122445.5248733,622600,0.00011911730689462274
1580122642.0023627,623300,0.00011850168812088668
1580122782.3008523,623800,0.0001180619583465159
1580122978.8051963,624500,0.00011744633229682222
1580123147.3687592,625100,0.0001169186580227688
1580123512.5040836,626400,0.00011577536497497931
1580123709.0893004,627100,0.00011515974620124325
1580124242.85926,629000,0.00011348877160344273
1580124805.0327783,631000,0.00011172985978191718
1580124889.4587617,631300,0.00011146601900691167
1580125001.8447661,631700,0.00011111424100818112
1580125030.02471,631800,0.00011102628923254088
1580125226.8678894,632500,0.00011041067045880482
1580125705.1179218,634200,0.00010891559213632718
1580126014.6010668,635300,0.00010794818808790296
1580126324.1149015,636400,0.00010698078403947875
1580126521.168177,637100,0.00010636516526574269
1580126690.078925,637700,0.00010583749099168926
1580127365.922192,640100,0.00010372679389547557
1580128013.8306143,642400,0.0001017040412989445
1580128690.2056384,644800,9.959333692677319e-05
1580128718.3549562,644900,9.950539242709056e-05
1580128915.594551,645600,9.88897736533545e-05
1580129028.240614,646000,9.853798837866634e-05
1580129394.2512202,647300,9.739469533087686e-05
1580129422.4084845,647400,9.730675083119422e-05
1580129704.026784,648400,9.642729128245264e-05
1580129816.7496862,648800,9.607550600776449e-05
1580130042.19677,649600,9.53719427343458e-05
1580130070.3961368,649700,9.528399095870554e-05
1580130183.1769733,650100,9.4932212959975e-05
1580130436.8065393,651000,9.414069791091606e-05
1580130464.9841592,651100,9.405275341123343e-05
1580130746.4164217,652100,9.317329386249185e-05
1580130774.5968854,652200,9.308534936280921e-05
1580130802.7743154,652300,9.299740486312658e-05
1580131028.0769463,653100,9.229383431375027e-05
1580131140.739629,653500,9.194205631501973e-05
1580131590.0854964,655100,9.053492249222472e-05
1580131809.5787735,655900,8.983135194284841e-05
1580132246.1499472,657500,8.842422539601102e-05
1580132356.8030057,657900,8.807244012132287e-05
1580132412.6055865,658100,8.78965511219576e-05
1580132440.6196327,658200,8.780859934631735e-05
1580132524.7652454,658500,8.754476584726945e-05
1580132777.5357518,659400,8.67532507982105e-05
1580132805.6453233,659500,8.666530629852787e-05
1580133058.4492202,660400,8.587379124946892e-05
1580133142.7567992,660700,8.560995775042102e-05
1580133423.6793406,661700,8.473049820167944e-05
1580133564.1116886,662200,8.429076842730865e-05
1580134559.9626496,665800,8.11247227829881e-05
1580134807.0242555,666700,8.033320773392916e-05
1580134861.9611883,666900,8.015731873456389e-05
1580134971.7850773,667300,7.980553345987573e-05
1580135136.556405,667900,7.927785918582231e-05
1580135218.988538,668200,7.90140256867744e-05
1580135411.2127428,668900,7.839839963708073e-05
1580135493.6107144,669200,7.813456613803282e-05
1580135630.8729632,669700,7.769483636366203e-05
1580135713.2586856,670000,7.743099558865651e-05
1580135933.062123,670800,7.672743231523782e-05
1580136042.9790983,671200,7.637564704054967e-05
1580136152.8804302,671600,7.602386176586151e-05
1580136427.5789795,672600,7.514440949307755e-05
1580136455.0239143,672700,7.50564577174373e-05
1580136784.681746,673900,7.400110916933045e-05
1580136894.9077601,674300,7.364933117059991e-05
1580137090.3712049,675000,7.303370512090623e-05
1580137202.4921997,675400,7.26819271221757e-05
1580137510.9727292,676500,7.171452307375148e-05
1580137847.7503512,677700,7.065917452564463e-05
1580138296.7526329,679300,6.925204070284963e-05
1580138881.247233,681400,6.740517710568383e-05
1580138992.2176287,681800,6.705339183099568e-05
1580139408.422438,683300,6.573420978384092e-05
1580139630.3316102,684100,6.503063923446462e-05
1580139796.7060623,684700,6.450296496041119e-05
1580139907.7870607,685100,6.415117968572304e-05
1580140018.761428,685500,6.37994016869925e-05
1580140240.862574,686300,6.309583113761619e-05
1580140407.5083804,686900,6.256815686356276e-05
1580140435.3803456,687000,6.248021236388013e-05
1580140911.8241832,688700,6.098513404140249e-05
1580141108.235337,689400,6.036951162968762e-05
1580141164.3631642,689600,6.019362263032235e-05
1580141332.795082,690200,5.966594835626893e-05
1580141557.3390787,691000,5.8962381444871426e-05
1580141641.5061524,691300,5.869854430784471e-05
1580141753.771275,691700,5.834675903315656e-05
1580142033.535779,692700,5.746730312239379e-05
1580142253.2747538,693500,5.6763736210996285e-05
1580142335.6614609,693800,5.649989907396957e-05
1580142719.836738,695200,5.5268657888518646e-05
1580142829.6651862,695600,5.491687261383049e-05
1580143049.2172494,696400,5.421330570243299e-05
1580143131.5561185,696700,5.394946856540628e-05
1580143296.2457104,697300,5.342179429135285e-05
1580143762.7771888,699000,5.1926715968875214e-05
1580143790.2195272,699100,5.183877146919258e-05
1580143845.090704,699300,5.16628788318485e-05
1580144339.1208167,701100,5.007985600968823e-05
1580144448.9203591,701500,4.9728070735000074e-05
1580144531.2429638,701800,4.946423359797336e-05
1580144942.9460769,703300,4.81450479128398e-05
1580145025.322557,703600,4.788121077581309e-05
1580145135.2401533,704000,4.752942550112493e-05
1580145330.2535076,704700,4.6913806727388874e-05
1580145694.6984427,706000,4.577051004162058e-05
1580145862.9715633,706600,4.524283576756716e-05
1580146255.4544325,708000,4.401159458211623e-05
1580146591.9379466,709200,4.295624603400938e-05
1580146786.5131829,709900,4.2340623622294515e-05
1580147006.132055,710700,4.1637056710897014e-05
1580147225.6216936,711500,4.093349343747832e-05
1580147253.0459783,711600,4.084554529981688e-05
1580147390.2279804,712100,4.040581552544609e-05
1580147500.0350478,712500,4.005403388873674e-05
1580147856.7739377,713800,3.891073720296845e-05
1580147966.5478718,714200,3.85589555662591e-05
1580148350.9364796,715600,3.7327714380808175e-05
1580148680.3707,716800,3.6272365832701325e-05
1580148707.8193233,716900,3.618441769503988e-05
1580148899.9861548,717600,3.5568798921303824e-05
1580149119.60008,718400,3.486523200990632e-05
1580149284.3149476,719000,3.43375577358529e-05
1580149449.0526593,719600,3.380988346179947e-05
1580149641.2483735,720300,3.3194261050084606e-05
1580149696.1890552,720500,3.301836841274053e-05
1580149943.3110166,721400,3.222685700166039e-05
1580149998.2347186,721600,3.205096800229512e-05
1580150025.6584275,721700,3.196301986463368e-05
1580150552.9563382,723600,3.0292050723801367e-05
1580150637.1069362,723900,3.0028213586774655e-05
1580150889.6375744,724800,2.9236700356705114e-05
1580151254.4416468,726100,2.8093405489926226e-05
1580151563.12461,727200,2.7126001441502012e-05
1580151647.3349936,727500,2.68621643044753e-05
1580151925.4343305,728500,2.5982706574723125e-05
1580152364.9454527,730100,2.457557275192812e-05
1580152667.0926971,731200,2.360817052249331e-05
1580152749.497522,731500,2.3344331566477194e-05
1580153161.5632672,733000,2.2025145881343633e-05
1580153436.3505774,734000,2.1145688151591457e-05
1580153463.826295,734100,2.105774183291942e-05
1580153601.251987,734600,2.061801205854863e-05
1580153628.7528079,734700,2.0530067558865994e-05
1580153766.1946273,735200,2.0090337784495205e-05
1580153821.1387324,735400,1.991444696614053e-05
1580153931.0562258,735800,1.956266351044178e-05
1580153958.5355492,735900,1.947471719176974e-05
1580153986.0041835,736000,1.9386770873097703e-05
1580154398.3703551,737500,1.806758518796414e-05
1580154590.9582534,738200,1.7451964595238678e-05
1580154618.5037735,738300,1.736401827656664e-05
1580154728.5082974,738700,1.701223482086789e-05
1580154783.5516746,738900,1.6836344002513215e-05
1580155033.7852983,739800,1.6044830772443675e-05
1580155146.1103773,740200,1.5693047316744924e-05
1580155230.4188812,740500,1.542921017971821e-05
1580155962.5193264,743100,1.3142619536665734e-05
1580155990.6766784,743200,1.3054674127488397e-05
1580156244.1084373,744100,1.2263161806913558e-05
1580156328.6180983,744400,1.1999324669886846e-05
1580156440.9635,744800,1.1647541214188095e-05
1580156524.0854607,745100,1.1383704077161383e-05
1580156799.7177575,746100,1.0504246347409207e-05
1580156827.2590337,746200,1.0416300028737169e-05
1580156854.8217695,746300,1.0328354619559832e-05
1580156882.3802757,746400,1.0240408300887793e-05
1580157020.1520245,746900,9.800679436011706e-06
1580157185.523271,747500,9.273005161958281e-06
1580157295.7635484,747900,8.92122170625953e-06
1580157350.8992605,748100,8.745329978410155e-06
1580157681.7819328,749300,7.689980520808604e-06
1580157792.0953755,749700,7.338197519857204e-06
1580157957.6517205,750300,6.810522336309077e-06
1580157985.238439,750400,6.72257692713174e-06
1580158205.961952,751200,6.0190104704815894e-06
1580158371.5488157,751800,5.491335741680814e-06
1580158509.5758953,752300,5.051606422057375e-06
1580158730.545324,753100,4.348040420154575e-06
1580158924.0267222,753800,3.7324196000554366e-06
1580159200.4939618,754800,2.8529616429295857e-06
1580159704.4424698,756600,1.2699373428404215e-06
1580159930.481156,757400,5.663709430336894e-07
1580160100.1495569,758000,3.86961502840677e-08
